2025-05-01 11:28:46,742 [INFO] Activator:176 - 


2025-05-01 11:28:46,744 [INFO] Activator:177 - !SESSION log4j initialized
2025-05-01 11:28:50,557 [INFO] LogOutputStream:77 - [STDOUT_REDIRECT] 
2025-05-01 11:29:20,981 [INFO] ApplicationProperties:184 - Using Application install path: C:\ST\STM32CubeIDE_1.18.1\STM32CubeIDE\plugins\com.st.stm32cube.common.mx_6.14.1.202504091515
2025-05-01 11:29:21,003 [INFO] DbMcusXml:78 - Set database path to: C:\ST\STM32CubeIDE_1.18.1\STM32CubeIDE\plugins\com.st.stm32cube.common.mx_6.14.1.202504091515\\db\/mcu/
2025-05-01 11:29:21,003 [INFO] ApiDb:274 - Set plugin database path to: C:\ST\STM32CubeIDE_1.18.1\STM32CubeIDE\plugins\com.st.stm32cube.common.mx_6.14.1.202504091515\\db\/plugins/boardmanager/
2025-05-01 11:29:21,003 [WARN] ApiDb:259 - Overriding images path with different value:  => C:\ST\STM32CubeIDE_1.18.1\STM32CubeIDE\plugins\com.st.stm32cube.common.mx_6.14.1.202504091515\\db\/plugins/mcufinder/images/
2025-05-01 11:29:22,429 [INFO] ApiDb:250 - Set database path to: C:\Users\vassc\.stmcufinder\plugins\mcufinder//mcu/
2025-05-01 11:29:22,430 [INFO] DbMcusAds:125 - Set database path to: C:\Users\vassc\.stmcufinder\plugins\mcufinder//mcu/
2025-05-01 11:29:22,446 [INFO] CrossReferenceDbSqlite:203 - Set database path to: C:\Users\vassc\.stmcufinder\plugins\mcufinder//mcu/cs/
2025-05-01 11:29:22,570 [INFO] RulesReader:64 - Compatibility file has been processed (302 Rules)
2025-05-01 11:29:22,656 [INFO] DbMcusXml:78 - Set database path to: C:\ST\STM32CubeIDE_1.18.1\STM32CubeIDE\plugins\com.st.stm32cube.common.mx_6.14.1.202504091515\\db\/mcu/
2025-05-01 11:29:22,656 [INFO] ApiDb:274 - Set plugin database path to: C:\ST\STM32CubeIDE_1.18.1\STM32CubeIDE\plugins\com.st.stm32cube.common.mx_6.14.1.202504091515\\db\/plugins/boardmanager/
2025-05-01 11:29:22,656 [INFO] ApiDb:261 - Set plugin images path to: C:\ST\STM32CubeIDE_1.18.1\STM32CubeIDE\plugins\com.st.stm32cube.common.mx_6.14.1.202504091515\\db\/plugins/mcufinder/images/
2025-05-01 11:29:22,657 [WARN] DbFile:41 - Overriding database path with different value: C:\Users\vassc\.stmcufinder\plugins\mcufinder/ => C:\Users\vassc\.stmcufinder\plugins\mcufinder
2025-05-01 11:29:22,657 [INFO] ApiDb:250 - Set database path to: C:\Users\vassc\.stmcufinder\plugins\mcufinder//mcu/
2025-05-01 11:29:22,657 [WARN] DbFile:41 - Overriding database path with different value: C:\Users\vassc\.stmcufinder\plugins\mcufinder/ => C:\Users\vassc\.stmcufinder\plugins\mcufinder
2025-05-01 11:29:22,657 [INFO] DbMcusAds:125 - Set database path to: C:\Users\vassc\.stmcufinder\plugins\mcufinder//mcu/
2025-05-01 11:29:22,657 [WARN] DbFile:41 - Overriding database path with different value: C:\Users\vassc\.stmcufinder\plugins\mcufinder/ => C:\Users\vassc\.stmcufinder\plugins\mcufinder
2025-05-01 11:29:22,657 [WARN] DbFile:41 - Overriding database path with different value: C:\Users\vassc\.stmcufinder\plugins\mcufinder/ => C:\Users\vassc\.stmcufinder\plugins\mcufinder
2025-05-01 11:29:22,657 [INFO] CrossReferenceDbSqlite:203 - Set database path to: C:\Users\vassc\.stmcufinder\plugins\mcufinder//mcu/cs/
2025-05-01 11:29:22,760 [INFO] MainPanel:272 - HeapMemory: 268435456
2025-05-01 11:29:22,880 [INFO] DbMcusXml:78 - Set database path to: C:\ST\STM32CubeIDE_1.18.1\STM32CubeIDE\plugins\com.st.stm32cube.common.mx_6.14.1.202504091515\\db\/mcu/
2025-05-01 11:29:22,880 [INFO] ApiDb:274 - Set plugin database path to: C:\ST\STM32CubeIDE_1.18.1\STM32CubeIDE\plugins\com.st.stm32cube.common.mx_6.14.1.202504091515\\db\/plugins/boardmanager/
2025-05-01 11:29:22,880 [INFO] ApiDb:261 - Set plugin images path to: C:\ST\STM32CubeIDE_1.18.1\STM32CubeIDE\plugins\com.st.stm32cube.common.mx_6.14.1.202504091515\\db\/plugins/mcufinder/images/
2025-05-01 11:29:22,880 [WARN] DbFile:41 - Overriding database path with different value: C:\Users\vassc\.stmcufinder\plugins\mcufinder/ => C:\Users\vassc\.stmcufinder\plugins\mcufinder
2025-05-01 11:29:22,881 [INFO] ApiDb:250 - Set database path to: C:\Users\vassc\.stmcufinder\plugins\mcufinder//mcu/
2025-05-01 11:29:22,881 [WARN] DbFile:41 - Overriding database path with different value: C:\Users\vassc\.stmcufinder\plugins\mcufinder/ => C:\Users\vassc\.stmcufinder\plugins\mcufinder
2025-05-01 11:29:22,881 [INFO] DbMcusAds:125 - Set database path to: C:\Users\vassc\.stmcufinder\plugins\mcufinder//mcu/
2025-05-01 11:29:22,881 [WARN] DbFile:41 - Overriding database path with different value: C:\Users\vassc\.stmcufinder\plugins\mcufinder/ => C:\Users\vassc\.stmcufinder\plugins\mcufinder
2025-05-01 11:29:22,881 [WARN] DbFile:41 - Overriding database path with different value: C:\Users\vassc\.stmcufinder\plugins\mcufinder/ => C:\Users\vassc\.stmcufinder\plugins\mcufinder
2025-05-01 11:29:22,881 [INFO] CrossReferenceDbSqlite:203 - Set database path to: C:\Users\vassc\.stmcufinder\plugins\mcufinder//mcu/cs/
2025-05-01 11:29:22,899 [INFO] ApplicationProperties:184 - Using Application install path: C:\ST\STM32CubeIDE_1.18.1\STM32CubeIDE\plugins\com.st.stm32cube.common.mx_6.14.1.202504091515
2025-05-01 11:29:22,901 [INFO] PluginManage:196 - Search for loadable plugins [exclusion list=, ]
2025-05-01 11:29:22,902 [INFO] PluginManage:310 - Check plugin analytics
2025-05-01 11:29:28,095 [INFO] AnalyticsPlugin:253 - Accepted Software Licenses: 
2025-05-01 11:29:28,095 [INFO] AnalyticsPlugin:255 - Accepted CMSIS Pack Licenses: 
2025-05-01 11:29:28,095 [INFO] AnalyticsPlugin:257 - Accepted Firmware Licenses: FW.H7.1.11.0
2025-05-01 11:29:28,097 [INFO] PluginManage:359 - Loaded plugin analytics (category:tool,tabindex:-1)
2025-05-01 11:29:28,097 [INFO] PluginManage:310 - Check plugin cadmodel
2025-05-01 11:29:28,112 [INFO] CADModel:105 - Init CAD model plugin
2025-05-01 11:29:28,112 [INFO] PluginManage:359 - Loaded plugin cadmodel (category:power,tabindex:5)
2025-05-01 11:29:28,112 [INFO] PluginManage:310 - Check plugin clock
2025-05-01 11:29:28,125 [INFO] PluginManage:359 - Loaded plugin clock (category:base,tabindex:2)
2025-05-01 11:29:28,125 [INFO] PluginManage:310 - Check plugin ddr
2025-05-01 11:29:28,127 [INFO] PluginManage:359 - Loaded plugin ddr (category:tool,tabindex:6)
2025-05-01 11:29:28,128 [INFO] PluginManage:310 - Check plugin filemanager
2025-05-01 11:29:28,276 [INFO] PluginManage:359 - Loaded plugin filemanager (category:base,tabindex:10)
2025-05-01 11:29:28,276 [INFO] PluginManage:310 - Check plugin ipmanager
2025-05-01 11:29:28,284 [INFO] PluginManage:359 - Loaded plugin ipmanager (category:base,tabindex:5)
2025-05-01 11:29:28,285 [INFO] PluginManage:310 - Check plugin lpbam
2025-05-01 11:29:28,292 [INFO] PluginManage:359 - Loaded plugin lpbam (category:base,tabindex:0)
2025-05-01 11:29:28,292 [INFO] PluginManage:310 - Check plugin memorymap
2025-05-01 11:29:28,311 [INFO] PluginManage:359 - Loaded plugin memorymap (category:base,tabindex:4)
2025-05-01 11:29:28,311 [INFO] PluginManage:310 - Check plugin pinoutandconfiguration
2025-05-01 11:29:28,323 [INFO] PluginManage:359 - Loaded plugin pinoutandconfiguration (category:base,tabindex:1)
2025-05-01 11:29:28,323 [INFO] PluginManage:310 - Check plugin pinoutconfig
2025-05-01 11:29:28,415 [WARN] SupportedApi:132 - Cannot load RTOS API schema: s4s-elt-must-match.1: The content of 'definitions' must match (annotation?, (simpleType | complexType)?, (unique | key | keyref)*)). A problem was found starting at: attribute.
2025-05-01 11:29:28,543 [INFO] PluginManage:359 - Loaded plugin pinoutconfig (category:base,tabindex:0)
2025-05-01 11:29:28,543 [INFO] PluginManage:310 - Check plugin power
2025-05-01 11:29:28,555 [INFO] PluginManage:359 - Loaded plugin power (category:power,tabindex:4)
2025-05-01 11:29:28,556 [INFO] PluginManage:310 - Check plugin projectmanager
2025-05-01 11:29:28,571 [INFO] PluginManage:359 - Loaded plugin projectmanager (category:projectmanager,tabindex:4)
2025-05-01 11:29:28,572 [INFO] PluginManage:310 - Check plugin rif
2025-05-01 11:29:28,581 [INFO] PluginManage:359 - Loaded plugin rif (category:base,tabindex:3)
2025-05-01 11:29:28,581 [INFO] PluginManage:310 - Check plugin thirdparty
2025-05-01 11:29:28,720 [INFO] PluginManage:359 - Loaded plugin thirdparty (category:base,tabindex:-1)
2025-05-01 11:29:28,720 [WARN] IntegrityCheckThread:84 - waiting for thirdparty lock release [integrity check]
2025-05-01 11:29:28,720 [INFO] PluginManage:310 - Check plugin tools
2025-05-01 11:29:28,720 [INFO] IntegrityCheckThread:86 - entering critical section [integrity check]
2025-05-01 11:29:28,721 [INFO] ThirdPartyUpdaterWithRetryManager:70 - Updater plugin not ready yet. [1/15]
2025-05-01 11:29:28,722 [INFO] PluginManage:359 - Loaded plugin tools (category:base,tabindex:7)
2025-05-01 11:29:28,723 [INFO] PluginManage:310 - Check plugin tutovideos
2025-05-01 11:29:28,897 [INFO] PluginManage:359 - Loaded plugin tutovideos (category:base,tabindex:-1)
2025-05-01 11:29:28,897 [INFO] PluginManage:310 - Check plugin updater
2025-05-01 11:29:28,916 [INFO] PluginManage:359 - Loaded plugin updater (category:base,tabindex:12)
2025-05-01 11:29:28,916 [INFO] PluginManage:310 - Check plugin userauth
2025-05-01 11:29:28,922 [INFO] UserAuth:118 - Init User Auth plugin
2025-05-01 11:29:28,923 [INFO] PluginManage:359 - Loaded plugin userauth (category:base,tabindex:14)
2025-05-01 11:29:28,923 [INFO] PluginManage:283 - PluginManage : Loaded plugins [18]
2025-05-01 11:29:29,135 [INFO] PinOutPanel:1589 - setPackage(No Configuration,No Configuration)
2025-05-01 11:29:29,223 [INFO] CADModel:165 - CPN selected for project level
2025-05-01 11:29:29,223 [INFO] CADModel:114 - Register for checkConnection events
2025-05-01 11:29:29,239 [INFO] IPUIPlugin:80 - create IPUIPlugin
2025-05-01 11:29:29,240 [INFO] PluginManager:220 - loadIPPluginJar : add adc
2025-05-01 11:29:29,242 [INFO] IPUIPlugin:80 - create IPUIPlugin
2025-05-01 11:29:29,242 [INFO] PluginManager:220 - loadIPPluginJar : add aes
2025-05-01 11:29:29,246 [INFO] IPUIPlugin:80 - create IPUIPlugin
2025-05-01 11:29:29,246 [INFO] PluginManager:220 - loadIPPluginJar : add can
2025-05-01 11:29:29,248 [INFO] IPUIPlugin:80 - create IPUIPlugin
2025-05-01 11:29:29,248 [INFO] PluginManager:220 - loadIPPluginJar : add comp
2025-05-01 11:29:29,251 [INFO] IPUIPlugin:80 - create IPUIPlugin
2025-05-01 11:29:29,251 [INFO] PluginManager:220 - loadIPPluginJar : add cryp
2025-05-01 11:29:29,254 [INFO] IPUIPlugin:80 - create IPUIPlugin
2025-05-01 11:29:29,254 [INFO] PluginManager:220 - loadIPPluginJar : add ddr_ctrl_phy
2025-05-01 11:29:29,257 [INFO] IPUIPlugin:80 - create IPUIPlugin
2025-05-01 11:29:29,257 [INFO] PluginManager:220 - loadIPPluginJar : add dfsdm
2025-05-01 11:29:29,264 [INFO] IPUIPlugin:80 - create IPUIPlugin
2025-05-01 11:29:29,265 [INFO] PluginManager:220 - loadIPPluginJar : add dma
2025-05-01 11:29:29,267 [INFO] IPUIPlugin:80 - create IPUIPlugin
2025-05-01 11:29:29,267 [INFO] PluginManager:220 - loadIPPluginJar : add dma3
2025-05-01 11:29:29,271 [INFO] IPUIPlugin:80 - create IPUIPlugin
2025-05-01 11:29:29,271 [INFO] PluginManager:220 - loadIPPluginJar : add extmemmanager
2025-05-01 11:29:29,273 [INFO] IPUIPlugin:80 - create IPUIPlugin
2025-05-01 11:29:29,273 [INFO] PluginManager:220 - loadIPPluginJar : add fatfs
2025-05-01 11:29:29,278 [INFO] IPUIPlugin:80 - create IPUIPlugin
2025-05-01 11:29:29,279 [INFO] PluginManager:220 - loadIPPluginJar : add fmc
2025-05-01 11:29:29,284 [INFO] IPUIPlugin:80 - create IPUIPlugin
2025-05-01 11:29:29,285 [INFO] PluginManager:220 - loadIPPluginJar : add freertos
2025-05-01 11:29:29,286 [INFO] IPUIPlugin:80 - create IPUIPlugin
2025-05-01 11:29:29,286 [INFO] PluginManager:220 - loadIPPluginJar : add genericplugin
2025-05-01 11:29:29,289 [INFO] IPUIPlugin:80 - create IPUIPlugin
2025-05-01 11:29:29,289 [INFO] PluginManager:220 - loadIPPluginJar : add gfxmmu
2025-05-01 11:29:29,293 [INFO] IPUIPlugin:80 - create IPUIPlugin
2025-05-01 11:29:29,294 [INFO] PluginManager:220 - loadIPPluginJar : add gic
2025-05-01 11:29:29,298 [INFO] IPUIPlugin:80 - create IPUIPlugin
2025-05-01 11:29:29,299 [INFO] PluginManager:220 - loadIPPluginJar : add gpio
2025-05-01 11:29:29,302 [INFO] IPUIPlugin:80 - create IPUIPlugin
2025-05-01 11:29:29,302 [INFO] PluginManager:220 - loadIPPluginJar : add gtzc
2025-05-01 11:29:29,304 [INFO] IPUIPlugin:80 - create IPUIPlugin
2025-05-01 11:29:29,304 [INFO] PluginManager:220 - loadIPPluginJar : add hash
2025-05-01 11:29:29,307 [INFO] IPUIPlugin:80 - create IPUIPlugin
2025-05-01 11:29:29,307 [INFO] PluginManager:220 - loadIPPluginJar : add i2c
2025-05-01 11:29:29,310 [INFO] IPUIPlugin:80 - create IPUIPlugin
2025-05-01 11:29:29,310 [INFO] PluginManager:220 - loadIPPluginJar : add i2s
2025-05-01 11:29:29,313 [INFO] IPUIPlugin:80 - create IPUIPlugin
2025-05-01 11:29:29,314 [INFO] PluginManager:220 - loadIPPluginJar : add i3c
2025-05-01 11:29:29,316 [INFO] IPUIPlugin:80 - create IPUIPlugin
2025-05-01 11:29:29,316 [INFO] PluginManager:220 - loadIPPluginJar : add ipddr
2025-05-01 11:29:29,322 [INFO] IPUIPlugin:80 - create IPUIPlugin
2025-05-01 11:29:29,323 [INFO] PluginManager:220 - loadIPPluginJar : add linkedlist
2025-05-01 11:29:29,325 [INFO] IPUIPlugin:80 - create IPUIPlugin
2025-05-01 11:29:29,326 [INFO] PluginManager:220 - loadIPPluginJar : add lorawan
2025-05-01 11:29:29,327 [INFO] IPUIPlugin:80 - create IPUIPlugin
2025-05-01 11:29:29,327 [INFO] PluginManager:220 - loadIPPluginJar : add ltdc
2025-05-01 11:29:29,333 [INFO] IPUIPlugin:80 - create IPUIPlugin
2025-05-01 11:29:29,333 [INFO] PluginManager:220 - loadIPPluginJar : add mdma
2025-05-01 11:29:29,337 [INFO] IPUIPlugin:80 - create IPUIPlugin
2025-05-01 11:29:29,337 [INFO] PluginManager:220 - loadIPPluginJar : add nvic
2025-05-01 11:29:29,340 [INFO] IPUIPlugin:80 - create IPUIPlugin
2025-05-01 11:29:29,340 [INFO] PluginManager:220 - loadIPPluginJar : add opamp
2025-05-01 11:29:29,344 [INFO] IPUIPlugin:80 - create IPUIPlugin
2025-05-01 11:29:29,345 [INFO] PluginManager:220 - loadIPPluginJar : add openamp
2025-05-01 11:29:29,349 [INFO] IPUIPlugin:80 - create IPUIPlugin
2025-05-01 11:29:29,349 [INFO] PluginManager:220 - loadIPPluginJar : add pdm2pcm
2025-05-01 11:29:29,355 [INFO] IPUIPlugin:80 - create IPUIPlugin
2025-05-01 11:29:29,358 [INFO] PluginManager:220 - loadIPPluginJar : add plateformsettings
2025-05-01 11:29:29,360 [INFO] IPUIPlugin:80 - create IPUIPlugin
2025-05-01 11:29:29,360 [INFO] PluginManager:220 - loadIPPluginJar : add quadspi
2025-05-01 11:29:29,362 [INFO] IPUIPlugin:80 - create IPUIPlugin
2025-05-01 11:29:29,363 [INFO] PluginManager:220 - loadIPPluginJar : add radio
2025-05-01 11:29:29,368 [INFO] IPUIPlugin:80 - create IPUIPlugin
2025-05-01 11:29:29,368 [INFO] PluginManager:220 - loadIPPluginJar : add resmgrutility
2025-05-01 11:29:29,371 [INFO] IPUIPlugin:80 - create IPUIPlugin
2025-05-01 11:29:29,371 [INFO] PluginManager:220 - loadIPPluginJar : add sai
2025-05-01 11:29:29,374 [INFO] IPUIPlugin:80 - create IPUIPlugin
2025-05-01 11:29:29,374 [INFO] PluginManager:220 - loadIPPluginJar : add spi
2025-05-01 11:29:29,380 [INFO] IPUIPlugin:80 - create IPUIPlugin
2025-05-01 11:29:29,380 [INFO] PluginManager:220 - loadIPPluginJar : add stm32_wpan
2025-05-01 11:29:29,383 [INFO] IPUIPlugin:80 - create IPUIPlugin
2025-05-01 11:29:29,383 [INFO] PluginManager:220 - loadIPPluginJar : add tim
2025-05-01 11:29:29,386 [INFO] IPUIPlugin:80 - create IPUIPlugin
2025-05-01 11:29:29,386 [INFO] PluginManager:220 - loadIPPluginJar : add touchsensing
2025-05-01 11:29:29,389 [INFO] IPUIPlugin:80 - create IPUIPlugin
2025-05-01 11:29:29,389 [INFO] PluginManager:220 - loadIPPluginJar : add tracer_emb
2025-05-01 11:29:29,391 [INFO] IPUIPlugin:80 - create IPUIPlugin
2025-05-01 11:29:29,391 [INFO] PluginManager:220 - loadIPPluginJar : add ts
2025-05-01 11:29:29,394 [INFO] IPUIPlugin:80 - create IPUIPlugin
2025-05-01 11:29:29,394 [INFO] PluginManager:220 - loadIPPluginJar : add tsc
2025-05-01 11:29:29,397 [INFO] IPUIPlugin:80 - create IPUIPlugin
2025-05-01 11:29:29,397 [INFO] PluginManager:220 - loadIPPluginJar : add ucpd
2025-05-01 11:29:29,400 [INFO] IPUIPlugin:80 - create IPUIPlugin
2025-05-01 11:29:29,400 [INFO] PluginManager:220 - loadIPPluginJar : add usart
2025-05-01 11:29:29,403 [INFO] IPUIPlugin:80 - create IPUIPlugin
2025-05-01 11:29:29,403 [INFO] PluginManager:220 - loadIPPluginJar : add usbx
2025-05-01 11:29:29,532 [FATAL] Updater:351 - Updater called before beeing initialized
2025-05-01 11:29:29,571 [INFO] RulesReader:64 - Compatibility file has been processed (302 Rules)
2025-05-01 11:29:29,584 [INFO] RulesReader:64 - Compatibility file has been processed (302 Rules)
2025-05-01 11:29:29,591 [INFO] CADModel:165 - CPN selected for project level
2025-05-01 11:29:29,591 [INFO] CADModel:114 - Register for checkConnection events
2025-05-01 11:29:29,591 [FATAL] Updater:351 - Updater called before beeing initialized
2025-05-01 11:29:29,591 [ERROR] CADModel:125 - Updater not yet initialized, retry later 
2025-05-01 11:29:29,742 [FATAL] Updater:351 - Updater called before beeing initialized
2025-05-01 11:29:29,743 [INFO] CADModel:165 - CPN selected for project level
2025-05-01 11:29:29,743 [INFO] CADModel:114 - Register for checkConnection events
2025-05-01 11:29:29,743 [FATAL] Updater:351 - Updater called before beeing initialized
2025-05-01 11:29:29,743 [ERROR] CADModel:125 - Updater not yet initialized, retry later 
2025-05-01 11:29:29,747 [FATAL] Updater:351 - Updater called before beeing initialized
2025-05-01 11:29:29,854 [FATAL] Updater:351 - Updater called before beeing initialized
2025-05-01 11:29:29,858 [INFO] DbMcusAds:53 - JSON generation date=Thu Sep 30 07:55:09 BST 2021 (1632984909247)
2025-05-01 11:29:29,859 [FATAL] Updater:351 - Updater called before beeing initialized
2025-05-01 11:29:29,913 [WARN] DetailPanel:346 - Failed to get advertising image, set to default
2025-05-01 11:29:30,151 [FATAL] Updater:351 - Updater called before beeing initialized
2025-05-01 11:29:30,154 [FATAL] Updater:351 - Updater called before beeing initialized
2025-05-01 11:29:30,154 [FATAL] Updater:351 - Updater called before beeing initialized
2025-05-01 11:29:30,154 [WARN] DetailPanel:346 - Failed to get advertising image, set to default
2025-05-01 11:29:30,155 [FATAL] Updater:351 - Updater called before beeing initialized
2025-05-01 11:29:30,202 [ERROR] Updater:1198 - MainUpdater not yet initialized. External WinMGr cannot be set.
2025-05-01 11:29:30,204 [INFO] Updater:1134 - Updater Version found : 6.14.1
2025-05-01 11:29:30,223 [INFO] ApplicationProperties:184 - Using Application install path: C:\ST\STM32CubeIDE_1.18.1\STM32CubeIDE\plugins\com.st.stm32cube.common.mx_6.14.1.202504091515
2025-05-01 11:29:31,732 [INFO] ThirdPartyUpdaterWithRetryManager:70 - Updater plugin not ready yet. [2/15]
2025-05-01 11:29:31,846 [ERROR] LogOutputStream:75 - [STDERR_REDIRECT] May 01, 2025 11:29:31 AM java.util.prefs.WindowsPreferences <init>
2025-05-01 11:29:31,849 [ERROR] LogOutputStream:75 - [STDERR_REDIRECT] WARNING: Could not open/create prefs root node Software\JavaSoft\Prefs at root 0xffffffff80000002. Windows RegCreateKeyEx(...) returned error code 5.
2025-05-01 11:29:31,849 [ERROR] LogOutputStream:75 - [STDERR_REDIRECT] 
2025-05-01 11:29:31,881 [INFO] MainUpdater:525 - Copy updater definitions from MX database
2025-05-01 11:29:32,160 [INFO] MainUpdater:2872 - connection check result : 10
2025-05-01 11:29:32,161 [INFO] MainUpdater:3566 - Updater definition file requires update
2025-05-01 11:29:32,164 [INFO] MainUpdater:289 - Updater Check For Update Now.
2025-05-01 11:29:32,164 [INFO] MicroXplorer:498 - Change Database Version : DB.6.0.141
2025-05-01 11:29:32,175 [INFO] McuFinderGlobals:63 - Set McuFinder mode to 2 (CubeIDE integrated)
2025-05-01 11:29:32,175 [INFO] UserAuth:171 - activating auth plugin
2025-05-01 11:29:32,178 [INFO] UserAuth:484 - Internet connection configuration mode: 1
2025-05-01 11:29:32,196 [INFO] JxBrowserEngine:152 - Initiate JxBrowser Engine with user profile folder
2025-05-01 11:29:32,241 [INFO] ServerAccessManage:473 - Download File updaters.zip
2025-05-01 11:29:32,340 [INFO] FileExtend:242 - Unzip File : updaters.zip
2025-05-01 11:29:32,341 [INFO] FileExtend:257 - Standard Zip Deflate
2025-05-01 11:29:32,736 [INFO] ServerAccessManage:473 - Download File PacksControlFlags.xml
2025-05-01 11:29:32,847 [INFO] ServerAccessManage:473 - Download File cubemx.pidx
2025-05-01 11:29:33,108 [INFO] ServerAccessManage:473 - Download File STMicroelectronics.FP-ATR-ASTRA1.pdsc
2025-05-01 11:29:33,568 [INFO] ServerAccessManage:473 - Download File STMicroelectronics.FP-SNS-STBOX1.pdsc
2025-05-01 11:29:33,751 [INFO] ServerAccessManage:473 - Download File STMicroelectronics.FP-SNS-FLIGHT1.pdsc
2025-05-01 11:29:34,164 [INFO] ServerAccessManage:473 - Download File STMicroelectronics.X-CUBE-AI.pdsc
2025-05-01 11:29:34,746 [WARN] MainUpdater:1193 - Updater busy. Cannot search thirdparties
2025-05-01 11:29:34,746 [INFO] ThirdPartyUpdaterWithRetryManager:96 - Updater plugin is busy. [1/15]
2025-05-01 11:29:35,684 [INFO] ServerAccessManage:473 - Download File STMicroelectronics.X-CUBE-ALS.pdsc
2025-05-01 11:29:35,969 [INFO] ServerAccessManage:473 - Download File STMicroelectronics.X-CUBE-BLE1.pdsc
2025-05-01 11:29:36,844 [INFO] WebApp:169 - Instantiating new browser for Auth
2025-05-01 11:29:37,263 [ERROR] ServerAccessManage:1089 - Problem, file not found on Server
2025-05-01 11:29:37,357 [INFO] ServerAccessManage:473 - Download File STMicroelectronics.X-CUBE-BLEMGR.pdsc
2025-05-01 11:29:37,568 [ERROR] ServerAccessManage:1089 - Problem, file not found on Server
2025-05-01 11:29:37,590 [INFO] WebApp:463 - Apply proxy settings
2025-05-01 11:29:37,592 [INFO] WebApp:548 - Chromium requires no authentication
2025-05-01 11:29:37,601 [INFO] WebApp:491 - Direct internet connection detected
2025-05-01 11:29:37,624 [INFO] WebApp:894 - Register for checkConnection events
2025-05-01 11:29:37,624 [INFO] WebApp:463 - Apply proxy settings
2025-05-01 11:29:37,624 [INFO] WebApp:548 - Chromium requires no authentication
2025-05-01 11:29:37,624 [INFO] WebApp:491 - Direct internet connection detected
2025-05-01 11:29:37,759 [WARN] MainUpdater:1193 - Updater busy. Cannot search thirdparties
2025-05-01 11:29:37,759 [INFO] ThirdPartyUpdaterWithRetryManager:96 - Updater plugin is busy. [2/15]
2025-05-01 11:29:37,795 [INFO] WebApp:191 - Connection restablished
2025-05-01 11:29:37,828 [INFO] WebApp:225 - Starting web application
2025-05-01 11:29:37,828 [INFO] WebApp:593 - Web application path used C:\ST\STM32CubeIDE_1.18.1\STM32CubeIDE\plugins\com.st.stm32cube.common.mx_6.14.1.202504091515\db\plugins\mcufinder\reactClient1\index.html
2025-05-01 11:29:38,183 [INFO] ServerAccessManage:473 - Download File STMicroelectronics.X-CUBE-DPOWER.pdsc
2025-05-01 11:29:38,606 [ERROR] ServerAccessManage:1089 - Problem, file not found on Server
2025-05-01 11:29:38,748 [ERROR] ServerAccessManage:1089 - Problem, file not found on Server
2025-05-01 11:29:38,834 [ERROR] ServerAccessManage:1089 - Problem, file not found on Server
2025-05-01 11:29:38,994 [ERROR] ServerAccessManage:1089 - Problem, file not found on Server
2025-05-01 11:29:39,130 [ERROR] ServerAccessManage:1089 - Problem, file not found on Server
2025-05-01 11:29:39,224 [ERROR] ServerAccessManage:1089 - Problem, file not found on Server
2025-05-01 11:29:39,462 [ERROR] ServerAccessManage:1089 - Problem, file not found on Server
2025-05-01 11:29:39,598 [ERROR] ServerAccessManage:1089 - Problem, file not found on Server
2025-05-01 11:29:39,711 [ERROR] ServerAccessManage:1089 - Problem, file not found on Server
2025-05-01 11:29:39,867 [ERROR] ServerAccessManage:1089 - Problem, file not found on Server
2025-05-01 11:29:39,995 [ERROR] ServerAccessManage:1089 - Problem, file not found on Server
2025-05-01 11:29:40,184 [INFO] ServerAccessManage:473 - Download File STMicroelectronics.X-CUBE-FREERTOS.pdsc
2025-05-01 11:29:40,558 [INFO] ServerAccessManage:473 - Download File STMicroelectronics.X-CUBE-GNSS1.pdsc
2025-05-01 11:29:40,767 [WARN] MainUpdater:1193 - Updater busy. Cannot search thirdparties
2025-05-01 11:29:40,767 [INFO] ThirdPartyUpdaterWithRetryManager:96 - Updater plugin is busy. [3/15]
2025-05-01 11:29:41,393 [ERROR] ServerAccessManage:1089 - Problem, file not found on Server
2025-05-01 11:29:41,494 [ERROR] ServerAccessManage:1089 - Problem, file not found on Server
2025-05-01 11:29:41,604 [ERROR] ServerAccessManage:1089 - Problem, file not found on Server
2025-05-01 11:29:41,880 [ERROR] ServerAccessManage:1089 - Problem, file not found on Server
2025-05-01 11:29:42,031 [ERROR] ServerAccessManage:1089 - Problem, file not found on Server
2025-05-01 11:29:42,165 [ERROR] ServerAccessManage:1089 - Problem, file not found on Server
2025-05-01 11:29:42,236 [INFO] ServerAccessManage:473 - Download File STMicroelectronics.X-CUBE-ISPU.pdsc
2025-05-01 11:29:42,580 [INFO] ServerAccessManage:473 - Download File STMicroelectronics.X-CUBE-IPS.pdsc
2025-05-01 11:29:42,850 [INFO] ServerAccessManage:473 - Download File STMicroelectronics.X-CUBE-MEMS1.pdsc
2025-05-01 11:29:43,769 [WARN] MainUpdater:1193 - Updater busy. Cannot search thirdparties
2025-05-01 11:29:43,769 [INFO] ThirdPartyUpdaterWithRetryManager:96 - Updater plugin is busy. [4/15]
2025-05-01 11:29:45,156 [INFO] ServerAccessManage:473 - Download File STMicroelectronics.X-CUBE-NFC7.pdsc
2025-05-01 11:29:45,475 [INFO] ServerAccessManage:473 - Download File STMicroelectronics.X-CUBE-NFC9.pdsc
2025-05-01 11:29:45,633 [INFO] ServerAccessManage:473 - Download File STMicroelectronics.X-CUBE-NFC10.pdsc
2025-05-01 11:29:45,842 [INFO] ServerAccessManage:473 - Download File STMicroelectronics.X-CUBE-TCPP.pdsc
2025-05-01 11:29:46,064 [INFO] ServerAccessManage:473 - Download File STMicroelectronics.X-CUBE-TOF1.pdsc
2025-05-01 11:29:46,769 [WARN] MainUpdater:1193 - Updater busy. Cannot search thirdparties
2025-05-01 11:29:46,769 [INFO] ThirdPartyUpdaterWithRetryManager:96 - Updater plugin is busy. [5/15]
2025-05-01 11:29:46,935 [ERROR] ServerAccessManage:1089 - Problem, file not found on Server
2025-05-01 11:29:47,079 [INFO] ServerAccessManage:473 - Download File STMicroelectronics.X-CUBE-TOUCHGFX.pdsc
2025-05-01 11:29:48,944 [INFO] ServerAccessManage:473 - Download File STMicroelectronics.X-CUBE-ALGOBUILD.pdsc
2025-05-01 11:29:49,519 [INFO] ServerAccessManage:473 - Download File STMicroelectronics.X-CUBE-AZRTOS-H7.pdsc
2025-05-01 11:29:49,772 [WARN] MainUpdater:1193 - Updater busy. Cannot search thirdparties
2025-05-01 11:29:49,772 [INFO] ThirdPartyUpdaterWithRetryManager:96 - Updater plugin is busy. [6/15]
2025-05-01 11:29:50,151 [INFO] ServerAccessManage:473 - Download File STMicroelectronics.X-CUBE-AZRTOS-H7RS.pdsc
2025-05-01 11:29:50,534 [INFO] ServerAccessManage:473 - Download File STMicroelectronics.X-CUBE-WB05N.pdsc
2025-05-01 11:29:51,089 [INFO] ServerAccessManage:473 - Download File wolfSSL.I-CUBE-wolfMQTT.pdsc
2025-05-01 11:29:52,117 [ERROR] ServerAccessManage:1089 - Problem, file not found on Server
2025-05-01 11:29:52,212 [INFO] ServerAccessManage:473 - Download File wolfSSL.I-CUBE-wolfTPM.pdsc
2025-05-01 11:29:52,773 [WARN] MainUpdater:1193 - Updater busy. Cannot search thirdparties
2025-05-01 11:29:52,773 [INFO] ThirdPartyUpdaterWithRetryManager:96 - Updater plugin is busy. [7/15]
2025-05-01 11:29:53,257 [INFO] ServerAccessManage:473 - Download File wolfSSL.I-CUBE-wolfSSH.pdsc
2025-05-01 11:29:54,401 [INFO] ServerAccessManage:473 - Download File RealThread.X-CUBE-RT-Thread_Nano.pdsc
2025-05-01 11:29:54,861 [INFO] ServerAccessManage:473 - Download File EmbeddedOffice.I-CUBE-FS-RTOS.pdsc
2025-05-01 11:29:55,502 [INFO] ServerAccessManage:473 - Download File quantropi.X-CUBE-qispace-sdk-base.pdsc
2025-05-01 11:29:55,774 [WARN] MainUpdater:1193 - Updater busy. Cannot search thirdparties
2025-05-01 11:29:55,774 [INFO] ThirdPartyUpdaterWithRetryManager:96 - Updater plugin is busy. [8/15]
2025-05-01 11:29:56,156 [INFO] ServerAccessManage:473 - Download File Avnet-IotConnect.X-CUBE-IoTC-DA16k-PMOD.pdsc
2025-05-01 11:29:56,279 [WARN] PackLoader:240 - Cannot read IP mode file for STMicroelectronics.FP-ATR-ASTRA1.2.0.2
2025-05-01 11:29:56,288 [WARN] PackLoader:240 - Cannot read IP mode file for STMicroelectronics.FP-SNS-STBOX1.2.0.0
2025-05-01 11:29:56,299 [WARN] PackLoader:240 - Cannot read IP mode file for STMicroelectronics.FP-SNS-FLIGHT1.5.1.0
2025-05-01 11:29:56,303 [WARN] PackLoader:240 - Cannot read IP mode file for STMicroelectronics.X-CUBE-AI.10.0.0
2025-05-01 11:29:56,310 [WARN] PackLoader:240 - Cannot read IP mode file for STMicroelectronics.X-CUBE-ALS.1.0.2
2025-05-01 11:29:56,317 [WARN] PackLoader:240 - Cannot read IP mode file for STMicroelectronics.X-CUBE-BLE1.7.1.0
2025-05-01 11:29:56,328 [WARN] PackLoader:240 - Cannot read IP mode file for STMicroelectronics.X-CUBE-BLEMGR.4.0.0
2025-05-01 11:29:56,341 [WARN] PackLoader:240 - Cannot read IP mode file for STMicroelectronics.X-CUBE-DPower.1.3.0
2025-05-01 11:29:56,347 [WARN] PackLoader:240 - Cannot read IP mode file for STMicroelectronics.X-CUBE-FREERTOS.1.3.0
2025-05-01 11:29:56,353 [WARN] PackLoader:240 - Cannot read IP mode file for STMicroelectronics.X-CUBE-GNSS1.7.0.1
2025-05-01 11:29:56,357 [WARN] PackLoader:240 - Cannot read IP mode file for STMicroelectronics.X-CUBE-ISPU.2.1.0
2025-05-01 11:29:56,370 [WARN] PackLoader:240 - Cannot read IP mode file for STMicroelectronics.X-CUBE-IPS.3.1.0
2025-05-01 11:29:56,397 [INFO] CheckServerUpdateThread:120 - End of CheckServer Thread
2025-05-01 11:29:56,425 [WARN] PackLoader:240 - Cannot read IP mode file for STMicroelectronics.X-CUBE-MEMS1.11.2.0
2025-05-01 11:29:56,560 [WARN] PackLoader:240 - Cannot read IP mode file for STMicroelectronics.X-CUBE-NFC7.2.0.0
2025-05-01 11:29:56,567 [WARN] PackLoader:240 - Cannot read IP mode file for STMicroelectronics.X-CUBE-NFC9.1.0.0
2025-05-01 11:29:56,572 [WARN] PackLoader:240 - Cannot read IP mode file for STMicroelectronics.X-CUBE-NFC10.1.0.0
2025-05-01 11:29:56,581 [WARN] PackLoader:240 - Cannot read IP mode file for STMicroelectronics.X-CUBE-TCPP.4.2.0
2025-05-01 11:29:56,588 [WARN] PackLoader:240 - Cannot read IP mode file for STMicroelectronics.X-CUBE-TOF1.3.4.3
2025-05-01 11:29:56,599 [WARN] PackLoader:240 - Cannot read IP mode file for STMicroelectronics.X-CUBE-TOUCHGFX.4.25.0
2025-05-01 11:29:56,602 [WARN] PackLoader:240 - Cannot read IP mode file for STMicroelectronics.X-CUBE-ALGOBUILD.1.4.0
2025-05-01 11:29:56,616 [WARN] PackLoader:240 - Cannot read IP mode file for STMicroelectronics.X-CUBE-AZRTOS-H7.3.3.0
2025-05-01 11:29:56,631 [WARN] PackLoader:240 - Cannot read IP mode file for STMicroelectronics.X-CUBE-AZRTOS-H7RS.1.1.0
2025-05-01 11:29:56,636 [WARN] PackLoader:240 - Cannot read IP mode file for STMicroelectronics.X-CUBE-WB05N.2.0.0
2025-05-01 11:29:56,641 [WARN] PackLoader:240 - Cannot read IP mode file for wolfSSL.I-CUBE-wolfMQTT.1.19.2
2025-05-01 11:29:56,645 [WARN] PackLoader:240 - Cannot read IP mode file for wolfSSL.I-CUBE-wolfTPM.3.8.0
2025-05-01 11:29:56,650 [WARN] PackLoader:240 - Cannot read IP mode file for wolfSSL.I-CUBE-wolfSSH.1.4.20
2025-05-01 11:29:56,655 [WARN] PackLoader:240 - Cannot read IP mode file for RealThread.X-CUBE-RT-Thread_Nano.4.1.1
2025-05-01 11:29:56,661 [WARN] PackLoader:240 - Cannot read IP mode file for EmbeddedOffice.I-CUBE-FS-RTOS.1.0.1
2025-05-01 11:29:56,666 [WARN] ConditionMgr:438 - getConditionDescription Invalid condition id : Cortex-A Device cause : null
2025-05-01 11:29:56,675 [WARN] ConditionMgr:1044 - genDependencies : Invalid condition id : Cortex-A Device cause : null
2025-05-01 11:29:56,675 [WARN] ConditionMgr:1044 - genDependencies : Invalid condition id : Cortex-A Device cause : null
2025-05-01 11:29:56,675 [WARN] ConditionMgr:1044 - genDependencies : Invalid condition id : Cortex-A Device cause : null
2025-05-01 11:29:56,679 [WARN] PackLoader:240 - Cannot read IP mode file for Avnet-IotConnect.X-CUBE-IoTC-DA16k-PMOD.1.0.0
2025-05-01 11:29:56,679 [INFO] PopulateThirdPartyThread:66 - Ending populate Thread
2025-05-01 11:29:56,681 [INFO] ThirdParty:1030 - CMSIS Pack Vendor :wolfSSL I-CUBE-wolfTPM 3.8.0
2025-05-01 11:29:56,681 [INFO] ThirdParty:1030 - CMSIS Pack Vendor :STMicroelectronics X-CUBE-AZRTOS-H7 3.3.0
2025-05-01 11:29:56,681 [INFO] ThirdParty:1030 - CMSIS Pack Vendor :STMicroelectronics X-CUBE-NFC9 1.0.0
2025-05-01 11:29:56,681 [INFO] ThirdParty:1030 - CMSIS Pack Vendor :wolfSSL I-CUBE-wolfSSH 1.4.20
2025-05-01 11:29:56,681 [INFO] ThirdParty:1030 - CMSIS Pack Vendor :STMicroelectronics X-CUBE-NFC7 2.0.0
2025-05-01 11:29:56,681 [INFO] ThirdParty:1030 - CMSIS Pack Vendor :STMicroelectronics X-CUBE-TCPP 4.2.0
2025-05-01 11:29:56,681 [INFO] ThirdParty:1030 - CMSIS Pack Vendor :RealThread X-CUBE-RT-Thread_Nano 4.1.1
2025-05-01 11:29:56,681 [INFO] ThirdParty:1030 - CMSIS Pack Vendor :STMicroelectronics FP-ATR-ASTRA1 2.0.2
2025-05-01 11:29:56,681 [INFO] ThirdParty:1030 - CMSIS Pack Vendor :STMicroelectronics X-CUBE-BLE1 7.1.0
2025-05-01 11:29:56,682 [INFO] ThirdParty:1030 - CMSIS Pack Vendor :STMicroelectronics X-CUBE-NFC10 1.0.0
2025-05-01 11:29:56,682 [INFO] ThirdParty:1030 - CMSIS Pack Vendor :Avnet-IotConnect X-CUBE-IoTC-DA16k-PMOD 1.0.0
2025-05-01 11:29:56,682 [INFO] ThirdParty:1030 - CMSIS Pack Vendor :wolfSSL I-CUBE-wolfMQTT 1.19.2
2025-05-01 11:29:56,682 [INFO] ThirdParty:1030 - CMSIS Pack Vendor :STMicroelectronics X-CUBE-ISPU 2.1.0
2025-05-01 11:29:56,682 [INFO] ThirdParty:1030 - CMSIS Pack Vendor :STMicroelectronics X-CUBE-BLEMGR 4.0.0
2025-05-01 11:29:56,682 [INFO] ThirdParty:1030 - CMSIS Pack Vendor :STMicroelectronics X-CUBE-ALS 1.0.2
2025-05-01 11:29:56,682 [INFO] ThirdParty:1030 - CMSIS Pack Vendor :STMicroelectronics X-CUBE-IPS 3.1.0
2025-05-01 11:29:56,682 [INFO] ThirdParty:1030 - CMSIS Pack Vendor :STMicroelectronics X-CUBE-FREERTOS 1.3.0
2025-05-01 11:29:56,682 [INFO] ThirdParty:1030 - CMSIS Pack Vendor :STMicroelectronics X-CUBE-GNSS1 7.0.1
2025-05-01 11:29:56,682 [INFO] ThirdParty:1030 - CMSIS Pack Vendor :STMicroelectronics X-CUBE-TOUCHGFX 4.25.0
2025-05-01 11:29:56,682 [INFO] ThirdParty:1030 - CMSIS Pack Vendor :STMicroelectronics FP-SNS-STBOX1 2.0.0
2025-05-01 11:29:56,682 [INFO] ThirdParty:1030 - CMSIS Pack Vendor :STMicroelectronics X-CUBE-AI 10.0.0
2025-05-01 11:29:56,682 [INFO] ThirdParty:1030 - CMSIS Pack Vendor :quantropi X-CUBE-qispace-sdk-base 2.0.0
2025-05-01 11:29:56,682 [INFO] ThirdParty:1030 - CMSIS Pack Vendor :STMicroelectronics FP-SNS-FLIGHT1 5.1.0
2025-05-01 11:29:56,682 [INFO] ThirdParty:1030 - CMSIS Pack Vendor :STMicroelectronics X-CUBE-DPower 1.3.0
2025-05-01 11:29:56,682 [INFO] ThirdParty:1030 - CMSIS Pack Vendor :STMicroelectronics X-CUBE-ALGOBUILD 1.4.0
2025-05-01 11:29:56,682 [INFO] ThirdParty:1030 - CMSIS Pack Vendor :STMicroelectronics X-CUBE-MEMS1 11.2.0
2025-05-01 11:29:56,683 [INFO] ThirdParty:1030 - CMSIS Pack Vendor :STMicroelectronics X-CUBE-AZRTOS-H7RS 1.1.0
2025-05-01 11:29:56,683 [INFO] ThirdParty:1030 - CMSIS Pack Vendor :EmbeddedOffice I-CUBE-FS-RTOS 1.0.1
2025-05-01 11:29:56,683 [INFO] ThirdParty:1030 - CMSIS Pack Vendor :STMicroelectronics X-CUBE-TOF1 3.4.3
2025-05-01 11:29:56,683 [INFO] ThirdParty:1030 - CMSIS Pack Vendor :STMicroelectronics X-CUBE-WB05N 2.0.0
2025-05-01 11:29:56,683 [INFO] LoadServerUpdatesThread:375 - End of LoadServerUpdate Thread
2025-05-01 11:29:59,022 [WARN] PackLoader:240 - Cannot read IP mode file for STMicroelectronics.FP-SNS-MOTENVWB1.1.4.0
2025-05-01 11:29:59,025 [WARN] PackLoader:240 - Cannot read IP mode file for STMicroelectronics.FP-ATR-ASTRA1.2.0.2
2025-05-01 11:29:59,029 [WARN] PackLoader:240 - Cannot read IP mode file for STMicroelectronics.X-CUBE-SMBUS.2.1.0
2025-05-01 11:29:59,034 [WARN] PackLoader:240 - Cannot read IP mode file for STMicroelectronics.X-CUBE-TOUCHGFX.4.23.2
2025-05-01 11:29:59,048 [WARN] PackLoader:240 - Cannot read IP mode file for STMicroelectronics.X-CUBE-AZRTOS-F7.1.1.0
2025-05-01 11:29:59,054 [WARN] PackLoader:240 - Cannot read IP mode file for STMicroelectronics.FP-SNS-FLIGHT1.5.0.2
2025-05-01 11:29:59,058 [WARN] PackLoader:240 - Cannot read IP mode file for STMicroelectronics.X-CUBE-DISPLAY.3.0.0
2025-05-01 11:29:59,067 [WARN] PackLoader:240 - Cannot read IP mode file for STMicroelectronics.X-CUBE-BLE1.7.0.0
2025-05-01 11:29:59,072 [WARN] PackLoader:240 - Cannot read IP mode file for STMicroelectronics.X-CUBE-NFC10.1.0.0
2025-05-01 11:29:59,078 [WARN] PackLoader:240 - Cannot read IP mode file for STMicroelectronics.X-CUBE-BLEMGR.4.0.0
2025-05-01 11:29:59,086 [WARN] PackLoader:240 - Cannot read IP mode file for emotas.I-CUBE-CANOPEN.1.3.0
2025-05-01 11:29:59,090 [WARN] ConditionMgr:438 - getConditionDescription Invalid condition id : Cortex-A Device cause : null
2025-05-01 11:29:59,099 [WARN] ConditionMgr:1044 - genDependencies : Invalid condition id : Cortex-A Device cause : null
2025-05-01 11:29:59,099 [WARN] ConditionMgr:1044 - genDependencies : Invalid condition id : Cortex-A Device cause : null
2025-05-01 11:29:59,099 [WARN] ConditionMgr:1044 - genDependencies : Invalid condition id : Cortex-A Device cause : null
2025-05-01 11:29:59,106 [WARN] PackLoader:240 - Cannot read IP mode file for STMicroelectronics.X-CUBE-BLEMGR.3.1.0
2025-05-01 11:29:59,109 [WARN] PackLoader:240 - Cannot read IP mode file for STMicroelectronics.X-CUBE-AI.10.0.0
2025-05-01 11:29:59,116 [WARN] PackLoader:240 - Cannot read IP mode file for STMicroelectronics.FP-SNS-SMARTAG2.1.2.0
2025-05-01 11:29:59,119 [WARN] PackLoader:240 - Cannot read IP mode file for STMicroelectronics.FP-SNS-FLIGHT1.5.1.0
2025-05-01 11:29:59,127 [INFO] LogOutputStream:77 - [STDOUT_REDIRECT] 1 : Invalid condition id : UX_CORESTACK_Condition cause : null
2025-05-01 11:29:59,128 [INFO] LogOutputStream:77 - [STDOUT_REDIRECT] 1 : Invalid condition id : UX_CORESTACK_Condition cause : null
2025-05-01 11:29:59,130 [INFO] LogOutputStream:77 - [STDOUT_REDIRECT] 1 : Invalid condition id : UX_CORESTACK_Condition cause : null
2025-05-01 11:29:59,131 [INFO] LogOutputStream:77 - [STDOUT_REDIRECT] 1 : Invalid condition id : UX_CORESTACK_Condition cause : null
2025-05-01 11:29:59,132 [INFO] LogOutputStream:77 - [STDOUT_REDIRECT] 1 : Invalid condition id : UX_CORESTACK_Condition cause : null
2025-05-01 11:29:59,134 [WARN] PackLoader:240 - Cannot read IP mode file for STMicroelectronics.X-CUBE-AZRTOS-WL.2.0.0
2025-05-01 11:29:59,139 [WARN] PackLoader:240 - Cannot read IP mode file for STMicroelectronics.FP-SNS-MOTENV1.5.0.0
2025-05-01 11:29:59,144 [WARN] PackLoader:240 - Cannot read IP mode file for WES.I-CUBE-Cesium.1.3.0
2025-05-01 11:29:59,150 [WARN] PackLoader:240 - Cannot read IP mode file for STMicroelectronics.X-CUBE-BLE2.3.3.0
2025-05-01 11:29:59,154 [WARN] PackLoader:240 - Cannot read IP mode file for STMicroelectronics.X-CUBE-NFC9.1.0.0
2025-05-01 11:29:59,157 [WARN] PackLoader:240 - Cannot read IP mode file for STMicroelectronics.X-CUBE-BLE1.7.1.0
2025-05-01 11:29:59,159 [WARN] PackLoader:240 - Cannot read IP mode file for wolfSSL.I-CUBE-wolfMQTT.1.19.2
2025-05-01 11:29:59,167 [WARN] PackLoader:240 - Cannot read IP mode file for STMicroelectronics.X-CUBE-TCPP.4.1.0
2025-05-01 11:29:59,172 [WARN] PackLoader:240 - Cannot read IP mode file for STMicroelectronics.X-CUBE-ALGOBUILD.1.3.0
2025-05-01 11:29:59,205 [WARN] PackLoader:240 - Cannot read IP mode file for STMicroelectronics.X-CUBE-MEMS1.11.2.0
2025-05-01 11:29:59,302 [WARN] PackLoader:240 - Cannot read IP mode file for STMicroelectronics.X-CUBE-AZRTOS-G0.1.1.0
2025-05-01 11:29:59,309 [WARN] PackLoader:240 - Cannot read IP mode file for STMicroelectronics.X-CUBE-SAFEA1.1.2.2
2025-05-01 11:29:59,316 [WARN] PackLoader:240 - Cannot read IP mode file for STMicroelectronics.X-CUBE-NFC4.3.0.0
2025-05-01 11:29:59,323 [WARN] PackLoader:240 - Cannot read IP mode file for EmbeddedOffice.I-CUBE-FS-RTOS.1.0.1
2025-05-01 11:29:59,328 [WARN] PackLoader:240 - Cannot read IP mode file for STMicroelectronics.X-CUBE-WB05N.2.0.0
2025-05-01 11:29:59,334 [WARN] PackLoader:240 - Cannot read IP mode file for wolfSSL.I-CUBE-wolfTPM.3.8.0
2025-05-01 11:29:59,339 [WARN] PackLoader:240 - Cannot read IP mode file for STMicroelectronics.X-CUBE-TCPP.4.2.0
2025-05-01 11:29:59,348 [WARN] PackLoader:240 - Cannot read IP mode file for RealThread.X-CUBE-RT-Thread_Nano.4.1.1
2025-05-01 11:29:59,353 [WARN] PackLoader:240 - Cannot read IP mode file for wolfSSL.I-CUBE-wolfSSL.5.7.0
2025-05-01 11:29:59,357 [WARN] PackLoader:240 - Cannot read IP mode file for STMicroelectronics.FP-ATR-SIGFOX1.3.2.0
2025-05-01 11:29:59,365 [WARN] PackLoader:240 - Cannot read IP mode file for STMicroelectronics.X-CUBE-EEPRMA1.5.1.0
2025-05-01 11:29:59,371 [WARN] PackLoader:240 - Cannot read IP mode file for ITTIA_DB.I-CUBE-ITTIADB.8.9.0
2025-05-01 11:29:59,405 [WARN] PackLoader:240 - Cannot read IP mode file for SEGGER.I-CUBE-embOS.1.3.1
2025-05-01 11:29:59,439 [WARN] PackLoader:240 - Cannot read IP mode file for STMicroelectronics.X-CUBE-ALGOBUILD.1.4.0
2025-05-01 11:29:59,444 [WARN] PackLoader:240 - Cannot read IP mode file for STMicroelectronics.X-CUBE-GNSS1.6.0.0
2025-05-01 11:29:59,456 [WARN] PackLoader:240 - Cannot read IP mode file for STMicroelectronics.X-CUBE-AZRTOS-F4.1.1.0
2025-05-01 11:29:59,460 [WARN] PackLoader:240 - Cannot read IP mode file for Avnet-IotConnect.X-CUBE-IoTC-DA16k-PMOD.1.0.0
2025-05-01 11:29:59,465 [WARN] PackLoader:240 - Cannot read IP mode file for STMicroelectronics.X-CUBE-ISPU.2.1.0
2025-05-01 11:29:59,470 [WARN] PackLoader:240 - Cannot read IP mode file for STMicroelectronics.X-CUBE-FREERTOS.1.2.0
2025-05-01 11:29:59,483 [WARN] PackLoader:240 - Cannot read IP mode file for STMicroelectronics.X-CUBE-AZRTOS-L5.2.0.0
2025-05-01 11:29:59,492 [WARN] PackLoader:240 - Cannot read IP mode file for STMicroelectronics.X-CUBE-NFC6.3.1.0
2025-05-01 11:29:59,498 [WARN] PackLoader:240 - Cannot read IP mode file for STMicroelectronics.X-CUBE-AI.9.0.0
2025-05-01 11:29:59,501 [WARN] PackLoader:240 - Cannot read IP mode file for STMicroelectronics.X-CUBE-FREERTOS.1.3.0
2025-05-01 11:29:59,507 [WARN] PackLoader:240 - Cannot read IP mode file for STMicroelectronics.X-CUBE-NFC7.1.0.1
2025-05-01 11:29:59,514 [WARN] PackLoader:240 - Cannot read IP mode file for STMicroelectronics.X-CUBE-DPower.1.3.0
2025-05-01 11:29:59,519 [WARN] PackLoader:240 - Cannot read IP mode file for STMicroelectronics.X-CUBE-AI.8.1.0
2025-05-01 11:29:59,531 [WARN] ConditionMgr:438 - getConditionDescription Invalid condition id : LAN8742 Phy interface Condition cause : null
2025-05-01 11:29:59,532 [WARN] PackLoader:240 - Cannot read IP mode file for STMicroelectronics.X-CUBE-AZRTOS-L4.2.0.0
2025-05-01 11:29:59,533 [WARN] ConditionMgr:1044 - genDependencies : Invalid condition id : LAN8742 Phy interface Condition cause : null
2025-05-01 11:29:59,533 [WARN] ConditionMgr:1044 - genDependencies : Invalid condition id : LAN8742 Phy interface Condition cause : null
2025-05-01 11:29:59,533 [WARN] ConditionMgr:1044 - genDependencies : Invalid condition id : LAN8742 Phy interface Condition cause : null
2025-05-01 11:29:59,539 [WARN] PackLoader:240 - Cannot read IP mode file for STMicroelectronics.X-CUBE-SFXS2LP1.4.0.0
2025-05-01 11:29:59,554 [WARN] PackLoader:240 - Cannot read IP mode file for STMicroelectronics.X-CUBE-AZRTOS-H7.3.3.0
2025-05-01 11:29:59,567 [WARN] ConditionMgr:438 - getConditionDescription Invalid condition id : UX DEVICE CLASS RTOS Condition cause : null
2025-05-01 11:29:59,567 [WARN] ConditionMgr:438 - getConditionDescription Invalid condition id : UX DEVICE CLASS RTOS Condition cause : null
2025-05-01 11:29:59,568 [WARN] PackLoader:240 - Cannot read IP mode file for STMicroelectronics.X-CUBE-AZRTOS-WB.2.0.0
2025-05-01 11:29:59,569 [WARN] ConditionMgr:1044 - genDependencies : Invalid condition id : UX DEVICE CLASS RTOS Condition cause : null
2025-05-01 11:29:59,569 [WARN] ConditionMgr:1044 - genDependencies : Invalid condition id : UX DEVICE CLASS RTOS Condition cause : null
2025-05-01 11:29:59,569 [WARN] ConditionMgr:1044 - genDependencies : Invalid condition id : UX DEVICE CLASS RTOS Condition cause : null
2025-05-01 11:29:59,570 [WARN] ConditionMgr:1044 - genDependencies : Invalid condition id : UX DEVICE CLASS RTOS Condition cause : null
2025-05-01 11:29:59,570 [WARN] ConditionMgr:1044 - genDependencies : Invalid condition id : UX DEVICE CLASS RTOS Condition cause : null
2025-05-01 11:29:59,573 [WARN] PackLoader:240 - Cannot read IP mode file for STMicroelectronics.X-CUBE-GNSS1.7.0.1
2025-05-01 11:29:59,577 [WARN] PackLoader:240 - Cannot read IP mode file for STMicroelectronics.X-CUBE-TOUCHGFX.4.25.0
2025-05-01 11:29:59,587 [WARN] PackLoader:240 - Cannot read IP mode file for STMicroelectronics.FP-SNS-STBOX1.2.0.0
2025-05-01 11:29:59,599 [WARN] PackLoader:240 - Cannot read IP mode file for STMicroelectronics.X-CUBE-SUBG2.5.0.0
2025-05-01 11:29:59,618 [WARN] PackLoader:240 - Cannot read IP mode file for STMicroelectronics.X-CUBE-AZRTOS-H7RS.1.1.0
2025-05-01 11:29:59,633 [WARN] PackLoader:240 - Cannot read IP mode file for STMicroelectronics.X-CUBE-AZRTOS-G4.2.0.0
2025-05-01 11:29:59,637 [WARN] PackLoader:240 - Cannot read IP mode file for wolfSSL.I-CUBE-wolfSSH.1.4.20
2025-05-01 11:29:59,639 [WARN] PackLoader:240 - Cannot read IP mode file for STMicroelectronics.X-CUBE-NFC7.2.0.0
2025-05-01 11:29:59,643 [WARN] PackLoader:240 - Cannot read IP mode file for STMicroelectronics.FP-SNS-MOTENVWB1.1.3.1
2025-05-01 11:29:59,648 [WARN] PackLoader:240 - Cannot read IP mode file for STMicroelectronics.X-CUBE-ISPU.2.0.0
2025-05-01 11:29:59,655 [WARN] PackLoader:240 - Cannot read IP mode file for STMicroelectronics.X-CUBE-IPS.3.1.0
2025-05-01 11:29:59,664 [WARN] PackLoader:240 - Cannot read IP mode file for STMicroelectronics.X-CUBE-ALS.1.0.2
2025-05-01 11:29:59,700 [WARN] PackLoader:240 - Cannot read IP mode file for STMicroelectronics.X-CUBE-MEMS1.10.0.0
2025-05-01 11:29:59,799 [WARN] PackLoader:240 - Cannot read IP mode file for STMicroelectronics.X-CUBE-FREERTOS.1.1.0
2025-05-01 11:29:59,805 [WARN] PackLoader:240 - Cannot read IP mode file for portGmbH.I-Cube-SoM-uGOAL.1.1.0
2025-05-01 11:29:59,807 [WARN] PackLoader:240 - Cannot read IP mode file for STMicroelectronics.X-CUBE-ALS.1.0.1
2025-05-01 11:29:59,823 [WARN] PackLoader:240 - Cannot read IP mode file for STMicroelectronics.X-CUBE-AZRTOS-H7RS.1.0.0
2025-05-01 11:29:59,830 [WARN] PackLoader:240 - Cannot read IP mode file for STMicroelectronics.FP-ATR-ASTRA1.2.0.0
2025-05-01 11:29:59,840 [WARN] PackLoader:240 - Cannot read IP mode file for STMicroelectronics.X-CUBE-TOF1.3.4.3
2025-05-01 11:29:59,854 [WARN] PackLoader:240 - Cannot read IP mode file for STMicroelectronics.X-CUBE-TOF1.3.4.1
2025-05-01 11:29:59,878 [WARN] PackLoader:240 - Cannot read IP mode file for STMicroelectronics.X-CUBE-AZRTOS-H7.3.2.0
2025-05-01 11:29:59,892 [WARN] PackLoader:240 - Cannot read IP mode file for Infineon.AIROC-Wi-Fi-Bluetooth-STM32.1.6.0
2025-05-01 11:29:59,896 [INFO] ThirdParty:978 - Integrity check success = true
2025-05-01 11:29:59,898 [INFO] IntegrityCheckThread:100 - exiting critical section [integrity check]
2025-05-01 11:29:59,898 [INFO] IntegrityCheckThread:103 - End integrity checks thread
2025-05-01 12:53:16,192 [INFO] McuFinderGlobals:63 - Set McuFinder mode to 2 (CubeIDE integrated)
2025-05-01 12:53:16,199 [INFO] MainUpdater:2872 - connection check result : 10
2025-05-01 12:53:16,203 [INFO] McuFinderGlobals:76 - Set McuFinderConnectedMode to true
2025-05-01 12:53:16,532 [INFO] ServerAccessManage:473 - Download File mcusAds.json._tmp_
2025-05-01 12:53:16,659 [INFO] LoadUrlFilesThread:156 - End of LoadUrlFiles Thread
2025-05-01 12:53:16,929 [INFO] ServerAccessManage:473 - Download File cube-finder-db.zip
2025-05-01 12:53:19,200 [INFO] FileExtend:242 - Unzip File : cube-finder-db.zip
2025-05-01 12:53:19,200 [INFO] FileExtend:257 - Standard Zip Deflate
2025-05-01 12:53:20,003 [INFO] LoadUrlFilesThread:156 - End of LoadUrlFiles Thread
2025-05-01 12:53:20,425 [INFO] ServerAccessManage:473 - Download File crdb.zip
2025-05-01 12:53:20,674 [INFO] FileExtend:242 - Unzip File : crdb.zip
2025-05-01 12:53:20,674 [INFO] FileExtend:257 - Standard Zip Deflate
2025-05-01 12:53:20,808 [INFO] LoadUrlFilesThread:156 - End of LoadUrlFiles Thread
2025-05-01 12:53:21,008 [INFO] ServerAccessManage:473 - Download File tutoVideoDB.zip
2025-05-01 12:53:21,012 [INFO] FileExtend:242 - Unzip File : tutoVideoDB.zip
2025-05-01 12:53:21,012 [INFO] FileExtend:257 - Standard Zip Deflate
2025-05-01 12:53:21,133 [INFO] LoadUrlFilesThread:156 - End of LoadUrlFiles Thread
2025-05-01 12:53:21,137 [WARN] DbFile:41 - Overriding database path with different value: C:\Users\vassc\.stmcufinder\plugins\mcufinder/ => C:\Users\vassc\.stmcufinder\plugins\mcufinder
2025-05-01 12:53:21,295 [INFO] ServerAccessManage:473 - Download File api_config.json
2025-05-01 12:53:21,419 [INFO] LoadUrlFilesThread:156 - End of LoadUrlFiles Thread
2025-05-01 12:53:21,423 [INFO] DbMcusAds:53 - JSON generation date=Thu Mar 06 14:54:22 GMT 2025 (1741272862204)
2025-05-01 12:53:21,507 [INFO] ServerAccessManage:473 - Download File 
2025-05-01 12:53:21,565 [INFO] LoadUrlFilesThread:185 - End of LoadServerUrlFiles without Thread
2025-05-01 12:53:21,568 [INFO] TargetSelectorAdapter:259 - Refresh data is successful
2025-05-01 12:53:21,740 [INFO] ApiDb:581 - Connected to CubeFinder SQLite database (C:\Users\vassc\.stmcufinder\plugins\mcufinder\mcu\cube-finder-db.db)
2025-05-01 12:53:21,815 [INFO] ApiDb:668 - CubeFinder database Data Model version=2.1
2025-05-01 12:53:21,815 [INFO] ApiDb:669 - CubeFinder database Configuration version=3.0.39
2025-05-01 12:53:21,817 [INFO] ApiDb:670 - CubeFinder database generation date=2025-04-23 (1745419778)
2025-05-01 12:53:21,817 [INFO] ApiDb:671 - CubeFinder database FW Pack versions=[FP-ATR-ASTRA1_V2.0.0, FP-SNS-FLIGHT1_V5.1.0, FP-SNS-MOTENV1_V5.0.0, FP-SNS-MOTENVWB1_V1.4.0, FP-SNS-SMARTAG2_V1.2.0, FP-SNS-STBOX1_V2.0.0, STM32Cube_FW_C0_V1.4.0, STM32Cube_FW_F4_V1.28.1, STM32Cube_FW_F7_V1.17.2, STM32Cube_FW_G0_V1.6.2, STM32Cube_FW_G4_V1.6.1, STM32Cube_FW_H5_V1.5.0, STM32Cube_FW_H7RS_V1.2.0, STM32Cube_FW_H7_V1.12.1, STM32Cube_FW_L0_V1.12.2, STM32Cube_FW_L4_V1.18.1, STM32Cube_FW_L5_V1.5.1, STM32Cube_FW_N6_V1.1.1, STM32Cube_FW_U0_V1.2.0, STM32Cube_FW_U3_V1.1.0, STM32Cube_FW_U5_V1.7.0, STM32Cube_FW_WB0_V1.2.0, STM32Cube_FW_WBA_V1.6.0, STM32Cube_FW_WB_V1.22.0, STM32Cube_FW_WL3_V1.1.0, STM32Cube_FW_WL_V1.3.1, X-CUBE-ALGOBUILD_V1.4.0, X-CUBE-ALS_V1.0.2, X-CUBE-AZRTOS-F4_V1.1.0, X-CUBE-AZRTOS-F7_V1.1.0, X-CUBE-AZRTOS-G0_V1.1.0, X-CUBE-AZRTOS-G4_V2.0.0, X-CUBE-AZRTOS-H7RS_V1.1.0, X-CUBE-AZRTOS-H7_V3.3.0, X-CUBE-AZRTOS-L4_V2.0.0, X-CUBE-AZRTOS-L5_V2.0.0, X-CUBE-AZRTOS-WB_V2.0.0, X-CUBE-AZRTOS-WL_V2.0.0, X-CUBE-BLE1_V7.1.0, X-CUBE-BLE2_V3.3.0, X-CUBE-BLEMGR_V4.0.0, X-CUBE-EEPRMA1_V5.1.0, X-CUBE-FREERTOS_V1.3.0, X-CUBE-GNSS1_V6.0.0, X-CUBE-MEMS1_V11.2.0, X-CUBE-NFC4_V3.0.0, X-CUBE-NFC7_V1.0.1, X-CUBE-SFXS2LP1_V4.0.0, X-CUBE-SUBG2_V5.0.0, X-CUBE-TOF1_V3.4.3]
2025-05-01 12:53:24,212 [INFO] ApiDb:240 - Found 895 in-development CPN: [B-G473E-ZEST1S, B-WB1M-WPAN1, B-WBA5M-WPAN, B-WL5M-SUBG1, NUCLEO-C031C6, NUCLEO-C051C8, NUCLEO-C071RB, NUCLEO-C092RC, NUCLEO-H503RB, NUCLEO-H533RE, NUCLEO-H563ZI, NUCLEO-H7S3L8, NUCLEO-N657X0-Q, NUCLEO-U031R8, NUCLEO-U083RC, NUCLEO-U385RG-Q, NUCLEO-U545RE-Q, NUCLEO-U5A5ZJ-Q, NUCLEO-WB05KZ, NUCLEO-WB07CC, NUCLEO-WB09KE, NUCLEO-WBA52CG, NUCLEO-WBA55CG, NUCLEO-WBA65RI, NUCLEO-WL33CC1, NUCLEO-WL33CC2, STEVAL-PROTEUS1, STEVAL-SMARTAG2, STEVAL-STWINBX1, STM320518-EVAL, STM32C0116-DK, STM32C011D6Y3TR, STM32C011D6Y6TR, STM32C011F4P3, STM32C011F4P6, STM32C011F4U3, STM32C011F4U6TR, STM32C011F6P3, STM32C011F6P6, STM32C011F6U3, STM32C011F6U6TR, STM32C011J4M3, STM32C011J4M6, STM32C011J6M3, STM32C011J6M6, STM32C0316-DK, STM32C031C4T3, STM32C031C4T6, STM32C031C4U3, STM32C031C4U6, STM32C031C6T3, STM32C031C6T6, STM32C031C6U3, STM32C031C6U6, STM32C031F4P3, STM32C031F4P6, STM32C031F6P3, STM32C031F6P6, STM32C031G4U3, STM32C031G4U6, STM32C031G6U3, STM32C031G6U6, STM32C031K4T3, STM32C031K4T6, STM32C031K4U3, STM32C031K4U6, STM32C031K6T3, STM32C031K6T6, STM32C031K6U3, STM32C031K6U6, STM32C051C6T6, STM32C051C6U6, STM32C051C8T6, STM32C051C8U6, STM32C051D8Y6TR, STM32C051F6P6, STM32C051F8P6, STM32C051G6U6, STM32C051G8U6, STM32C051K6T6, STM32C051K6U6, STM32C051K8T6, STM32C071C8T6, STM32C071C8T6N, STM32C071C8U6, STM32C071C8U6N, STM32C071CBT6, STM32C071CBT6N, STM32C071CBU6, STM32C071CBU6N, STM32C071F8P6, STM32C071F8P6N, STM32C071FBP6, STM32C071FBP6N, STM32C071FBY6TR, STM32C071G8U6, STM32C071G8U6N, STM32C071GBU6, STM32C071GBU6N, STM32C071K8T6, STM32C071K8T6N, STM32C071K8U6, STM32C071K8U6N, STM32C071KBT6, STM32C071KBT6N, STM32C071KBU6, STM32C071KBU6N, STM32C071R8T6, STM32C071R8T6N, STM32C071RBI6N, STM32C071RBT6, STM32C071RBT6N, STM32C091CBT6, STM32C091CBU6, STM32C091CCT6, STM32C091CCU6, STM32C091ECY6TR, STM32C091FBP6, STM32C091FCP6, STM32C091GBU6, STM32C091GCU6, STM32C091KBT6, STM32C091KBU6, STM32C091KCT6, STM32C091KCU6, STM32C091RBT6, STM32C091RCI6, STM32C091RCT6, STM32C092CBT6, STM32C092CBU6, STM32C092CCT6, STM32C092CCU6, STM32C092ECY6TR, STM32C092FBP6, STM32C092FCP6, STM32C092GBU6, STM32C092GCU6, STM32C092KBT6, STM32C092KBU6, STM32C092KCT6, STM32C092KCU6, STM32C092RBT6, STM32C092RCI6, STM32C092RCT6, STM32G071K8TXN, STM32G071K8UXN, STM32G081GBU6N, STM32G081KBT6N, STM32G081KBUXN, STM32G0B1CCT6N, STM32G0B1KCT6, STM32G0B1NEY6TR, STM32G0B1RCT6N, STM32G0C1CCT6, STM32G0C1CCT6N, STM32G0C1CCU6N, STM32G0C1CET6N, STM32G0C1CEU6N, STM32G0C1KCT6, STM32G0C1NEY6TR, STM32G0C1RCI6N, STM32G0C1RCT6N, STM32G0C1REI6N, STM32G0C1RET6N, STM32G0C1VCI6, STM32G0C1VEI6, STM32G411C6T3, STM32G411C6T6, STM32G411C6U3, STM32G411C6U6, STM32G411C8T3, STM32G411C8T6, STM32G411C8U3, STM32G411C8U6, STM32G411CBT3, STM32G411CBT6, STM32G411CBU3, STM32G411CBU6, STM32G411CCT3, STM32G411CCT6, STM32G411CCU3, STM32G411CCU6, STM32G411K6T3, STM32G411K6T6, STM32G411K6U3, STM32G411K6U6, STM32G411K8T3, STM32G411K8T6, STM32G411K8U3, STM32G411K8U6, STM32G411KBT3, STM32G411KBT6, STM32G411KBU3, STM32G411KBU6, STM32G411M6T3, STM32G411M6T6, STM32G411M8T3, STM32G411M8T6, STM32G411MBT3, STM32G411MBT6, STM32G411MCT3, STM32G411MCT6, STM32G411R6T3, STM32G411R6T6, STM32G411R8T3, STM32G411R8T6, STM32G411RBT3, STM32G411RBT6, STM32G411RCT3, STM32G411RCT6, STM32G414CBT3, STM32G414CBT6, STM32G414CBU3, STM32G414CBU6, STM32G414CCT3, STM32G414CCT6, STM32G414CCU3, STM32G414CCU6, STM32G414MBT3, STM32G414MBT6, STM32G414MCT3, STM32G414MCT6, STM32G414RBT3, STM32G414RBT6, STM32G414RCT3, STM32G414RCT6, STM32G414VBT3, STM32G414VBT6, STM32G414VCT3, STM32G414VCT6, STM32G431CBT3Z, STM32G431RBT3Z, STM32G471CCT6, STM32G471CCU6, STM32G471CET3, STM32G471CET6, STM32G471CEU3, STM32G471CEU6, STM32G471MCT6, STM32G471MET3, STM32G471MET6, STM32G471MEY6TR, STM32G471QCT6, STM32G471QET3, STM32G471RCT6, STM32G471RET3, STM32G471RET6, STM32G471VCH6, STM32G471VCI6, STM32G471VCT6, STM32G471VEH3, STM32G471VEH6, STM32G471VEI3, STM32G471VEI6, STM32G471VET3, STM32G471VET6, STM32G473QET3Z, STM32G473RET3Z, STM32G474CCT6, STM32G491RET3Z, STM32H503CBT6, STM32H503CBU6, STM32H503EBY6TR, STM32H503KBU6, STM32H503RBT6, STM32H523CCT6, STM32H523CCU6, STM32H523CET6, STM32H523CEU6, STM32H523HEY6TR, STM32H523RCT6, STM32H523RET6, STM32H523VCI6, STM32H523VCT6, STM32H523VEI6, STM32H523VET6, STM32H523ZCJ6, STM32H523ZCT6, STM32H523ZEJ6, STM32H523ZET6, STM32H533CET6, STM32H533CEU6, STM32H533HEY6TR, STM32H533RET6, STM32H533VEI6, STM32H533VET6, STM32H533ZEJ6, STM32H533ZET6, STM32H562AGI6, STM32H562AII6, STM32H562IGK6, STM32H562IGT6, STM32H562IIK6, STM32H562IIT6, STM32H562RGT6, STM32H562RGV6, STM32H562RIT6, STM32H562RIV6, STM32H562VGT6, STM32H562VIT6, STM32H562ZGT6, STM32H562ZIT6, STM32H563AGI6, STM32H563AII3Q, STM32H563AII6, STM32H563IGK6, STM32H563IGT6, STM32H563IIK3Q, STM32H563IIK6, STM32H563IIT3Q, STM32H563IIT6, STM32H563MIY3QTR, STM32H563RGT6, STM32H563RGV6, STM32H563RIT6, STM32H563RIV6, STM32H563VGT6, STM32H563VIT3Q, STM32H563VIT6, STM32H563ZGT6, STM32H563ZIT3Q, STM32H563ZIT6, STM32H573AII3Q, STM32H573AII6, STM32H573I-DK, STM32H573IIK3Q, STM32H573IIK6, STM32H573IIT3Q, STM32H573IIT6, STM32H573MIY3QTR, STM32H573RIT6, STM32H573RIV6, STM32H573VIT3Q, STM32H573VIT6, STM32H573ZIT3Q, STM32H573ZIT6, STM32H7R3A8I6, STM32H7R3I8K6, STM32H7R3I8T6, STM32H7R3L8H6, STM32H7R3L8H6H, STM32H7R3R8V6, STM32H7R3V8H6, STM32H7R3V8T6, STM32H7R3V8Y6TR, STM32H7R3Z8J6, STM32H7R3Z8T6, STM32H7R7A8I6, STM32H7R7I8K6, STM32H7R7I8T6, STM32H7R7L8H6, STM32H7R7L8H6H, STM32H7R7Z8J6, STM32H7S3A8I6, STM32H7S3I8K6, STM32H7S3I8T6, STM32H7S3L8H6, STM32H7S3L8H6H, STM32H7S3R8V6, STM32H7S3V8H6, STM32H7S3V8T6, STM32H7S3V8Y6TR, STM32H7S3Z8J6, STM32H7S3Z8T6, STM32H7S78-DK, STM32H7S7A8I6, STM32H7S7I8K6, STM32H7S7I8T6, STM32H7S7L8H6, STM32H7S7L8H6H, STM32H7S7Z8J6, STM32L4R5QGI6STR, STM32MP131AAE3, STM32MP131AAF3, STM32MP131AAG3, STM32MP131CAE3, STM32MP131CAF3, STM32MP131CAG3, STM32MP131DAE7, STM32MP131DAF7, STM32MP131DAG7, STM32MP131FAE7, STM32MP131FAF7, STM32MP131FAG7, STM32MP133AAE3, STM32MP133AAF3, STM32MP133AAG3, STM32MP133CAE3, STM32MP133CAF3, STM32MP133CAG3, STM32MP133DAE7, STM32MP133DAF7, STM32MP133DAG7, STM32MP133FAE7, STM32MP133FAF7, STM32MP133FAG7, STM32MP135AAE3, STM32MP135AAF3, STM32MP135AAG3, STM32MP135CAE3, STM32MP135CAF3, STM32MP135CAG3, STM32MP135DAE7, STM32MP135DAF7, STM32MP135DAG7, STM32MP135F-DK, STM32MP135FAE7, STM32MP135FAF7, STM32MP135FAF7T, STM32MP135FAF7U, STM32MP135FAG7, STM32MP231AAJ3, STM32MP231AAK3, STM32MP231AAL3, STM32MP231CAJ3, STM32MP231CAK3, STM32MP231CAL3, STM32MP231DAJ3, STM32MP231DAK3, STM32MP231DAL3, STM32MP231FAJ3, STM32MP231FAK3, STM32MP231FAL3, STM32MP233AAJ3, STM32MP233AAK3, STM32MP233AAL3, STM32MP233CAJ3, STM32MP233CAK3, STM32MP233CAL3, STM32MP233DAJ3, STM32MP233DAK3, STM32MP233DAL3, STM32MP233FAJ3, STM32MP233FAK3, STM32MP233FAL3, STM32MP235AAJ3, STM32MP235AAK3, STM32MP235AAL3, STM32MP235CAJ3, STM32MP235CAK3, STM32MP235CAL3, STM32MP235DAJ3, STM32MP235DAK3, STM32MP235DAL3, STM32MP235FAJ3, STM32MP235FAK3, STM32MP235FAL3, STM32MP251AAI3, STM32MP251AAJ3, STM32MP251AAK3, STM32MP251AAL3, STM32MP251CAI3, STM32MP251CAJ3, STM32MP251CAK3, STM32MP251CAL3, STM32MP251DAI3, STM32MP251DAJ3, STM32MP251DAK3, STM32MP251DAL3, STM32MP251FAI3, STM32MP251FAJ3, STM32MP251FAK3, STM32MP251FAL3, STM32MP253AAI3, STM32MP253AAJ3, STM32MP253AAK3, STM32MP253AAL3, STM32MP253CAI3, STM32MP253CAJ3, STM32MP253CAK3, STM32MP253CAL3, STM32MP253DAI3, STM32MP253DAJ3, STM32MP253DAK3, STM32MP253DAL3, STM32MP253FAI3, STM32MP253FAJ3, STM32MP253FAK3, STM32MP253FAL3, STM32MP255AAI3, STM32MP255AAJ3, STM32MP255AAK3, STM32MP255AAL3, STM32MP255CAI3, STM32MP255CAJ3, STM32MP255CAK3, STM32MP255CAL3, STM32MP255DAI3, STM32MP255DAJ3, STM32MP255DAK3, STM32MP255DAL3, STM32MP255FAI3, STM32MP255FAJ3, STM32MP255FAK3, STM32MP255FAL3, STM32MP257AAI3, STM32MP257AAJ3, STM32MP257AAK3, STM32MP257AAL3, STM32MP257CAI3, STM32MP257CAJ3, STM32MP257CAK3, STM32MP257CAL3, STM32MP257DAI3, STM32MP257DAJ3, STM32MP257DAK3, STM32MP257DAL3, STM32MP257F-DK, STM32MP257F-EV1, STM32MP257FAI3, STM32MP257FAJ3, STM32MP257FAK3, STM32MP257FAL3, STM32N645A0H3Q, STM32N645B0H3Q, STM32N645I0H3Q, STM32N645L0H3Q, STM32N645X0H3Q, STM32N645Z0H3Q, STM32N647A0H3Q, STM32N647B0H3Q, STM32N647I0H3Q, STM32N647L0H3Q, STM32N647X0H3Q, STM32N647Z0H3Q, STM32N655A0H3Q, STM32N655B0H3Q, STM32N655I0H3Q, STM32N655L0H3Q, STM32N655X0H3Q, STM32N655Z0H3Q, STM32N6570-DK, STM32N657A0H3Q, STM32N657B0H3Q, STM32N657I0H3Q, STM32N657L0H3Q, STM32N657X0H3Q, STM32N657Z0H3Q, STM32U031C6T6, STM32U031C6U6, STM32U031C8T6, STM32U031C8U6, STM32U031F4P6, STM32U031F6P6, STM32U031F8P6, STM32U031G6Y6TR, STM32U031G8Y6TR, STM32U031K4U6, STM32U031K6U6, STM32U031K8U6, STM32U031R6I6, STM32U031R6T6, STM32U031R8I6, STM32U031R8T6, STM32U073C8T6, STM32U073C8U6, STM32U073CBT6, STM32U073CBU6, STM32U073CCT6, STM32U073CCU6, STM32U073H8Y6TR, STM32U073HBY6TR, STM32U073HCY6TR, STM32U073K8U6, STM32U073KBU6, STM32U073KCU6, STM32U073M8I6, STM32U073M8T6, STM32U073MBI6, STM32U073MBT6, STM32U073MCI6, STM32U073MCT6, STM32U073R8I6, STM32U073R8T6, STM32U073RBI6, STM32U073RBT6, STM32U073RCI6, STM32U073RCT6, STM32U083C-DK, STM32U083CCT6, STM32U083CCU6, STM32U083HCY6TR, STM32U083KCU6, STM32U083MCI6, STM32U083MCT6, STM32U083RCI6, STM32U083RCT6, STM32U375CET6, STM32U375CET6Q, STM32U375CEU6, STM32U375CEU6Q, STM32U375CEY6QTR, STM32U375CGT6, STM32U375CGT6Q, STM32U375CGU6, STM32U375CGU6Q, STM32U375CGY6QTR, STM32U375KEU6, STM32U375KGU6, STM32U375REI6, STM32U375REI6Q, STM32U375RET6, STM32U375RET6Q, STM32U375REY6GTR, STM32U375REY6QTR, STM32U375RGI6, STM32U375RGI6Q, STM32U375RGT6, STM32U375RGT6Q, STM32U375RGY6GTR, STM32U375RGY6QTR, STM32U375VEI6, STM32U375VEI6Q, STM32U375VET6, STM32U375VET6Q, STM32U375VGI6, STM32U375VGI6Q, STM32U375VGT6, STM32U375VGT6Q, STM32U385CGT6, STM32U385CGT6Q, STM32U385CGU6, STM32U385CGU6Q, STM32U385CGY6QTR, STM32U385KGU6, STM32U385RGI6, STM32U385RGI6Q, STM32U385RGT6, STM32U385RGT6Q, STM32U385RGY6GTR, STM32U385RGY6QTR, STM32U385VGI6, STM32U385VGI6Q, STM32U385VGT6, STM32U385VGT6Q, STM32U535CBT6, STM32U535CBT6Q, STM32U535CBU6, STM32U535CBU6Q, STM32U535CCT6, STM32U535CCT6Q, STM32U535CCU6, STM32U535CCU6Q, STM32U535CET6, STM32U535CET6Q, STM32U535CEU6, STM32U535CEU6Q, STM32U535JEY6QTR, STM32U535NCY6QTR, STM32U535NEY6QTR, STM32U535RBI6, STM32U535RBI6Q, STM32U535RBT6, STM32U535RBT6Q, STM32U535RCI6, STM32U535RCI6Q, STM32U535RCT6, STM32U535RCT6Q, STM32U535REI6, STM32U535REI6Q, STM32U535RET6, STM32U535RET6Q, STM32U535VCI6, STM32U535VCI6Q, STM32U535VCT6, STM32U535VCT6Q, STM32U535VEI6, STM32U535VEI6Q, STM32U535VET6, STM32U535VET6Q, STM32U545CET6, STM32U545CET6Q, STM32U545CEU6, STM32U545CEU6Q, STM32U545JEY6QTR, STM32U545NEY6QTR, STM32U545REI6, STM32U545REI6Q, STM32U545RET6, STM32U545RET6Q, STM32U545VEI6, STM32U545VEI6Q, STM32U545VET6, STM32U545VET6Q, STM32U595AIH6, STM32U595AIH6Q, STM32U595AJH6, STM32U595AJH6Q, STM32U595QII6, STM32U595QII6Q, STM32U595QJI6, STM32U595QJI6Q, STM32U595RIT6, STM32U595RIT6Q, STM32U595RJT6, STM32U595RJT6Q, STM32U595VIT6, STM32U595VIT6Q, STM32U595VJT6, STM32U595VJT6Q, STM32U595ZIT6, STM32U595ZIT6Q, STM32U595ZIY6QTR, STM32U595ZJT6, STM32U595ZJT6Q, STM32U595ZJY6QTR, STM32U599BJY6QTR, STM32U599NIH6Q, STM32U599NJH6Q, STM32U599VIT6Q, STM32U599VJT6, STM32U599VJT6Q, STM32U599ZIT6Q, STM32U599ZIY6QTR, STM32U599ZJT6Q, STM32U599ZJY6QTR, STM32U5A5AJH6, STM32U5A5AJH6Q, STM32U5A5QII3Q , STM32U5A5QJI6, STM32U5A5QJI6Q, STM32U5A5RJT6, STM32U5A5RJT6Q, STM32U5A5VJT6, STM32U5A5VJT6Q, STM32U5A5ZJT6, STM32U5A5ZJT6Q, STM32U5A5ZJY6QTR, STM32U5A9BJY6QTR, STM32U5A9J-DK, STM32U5A9NJH6Q, STM32U5A9VJT6Q, STM32U5A9ZJT6Q, STM32U5A9ZJY6QTR, STM32U5F7VIT6, STM32U5F7VIT6Q, STM32U5F7VJT6, STM32U5F7VJT6Q, STM32U5F9BJY6QTR, STM32U5F9NJH6Q, STM32U5F9VIT6Q, STM32U5F9VJT6Q, STM32U5F9ZIJ6QTR, STM32U5F9ZIT6Q, STM32U5F9ZJJ6QTR, STM32U5F9ZJT6Q, STM32U5G7VJT6, STM32U5G7VJT6Q, STM32U5G9BJY6QTR, STM32U5G9J-DK1, STM32U5G9J-DK2, STM32U5G9NJH6Q, STM32U5G9VJT6Q, STM32U5G9ZJJ6QTR, STM32U5G9ZJT6Q, STM32WB05KZV6TR, STM32WB05KZV7TR, STM32WB05TZF6TR, STM32WB05TZF7TR, STM32WB06CCF6TR, STM32WB06CCF7TR, STM32WB06CCV6TR, STM32WB06CCV7TR, STM32WB06KCV6TR, STM32WB06KCV7TR, STM32WB07CCF6TR, STM32WB07CCF7TR, STM32WB07CCV6TR, STM32WB07CCV7TR, STM32WB07KCV6TR, STM32WB07KCV7TR, STM32WB09KEV6TR, STM32WB09KEV7TR, STM32WB09TEF6TR, STM32WB09TEF7TR, STM32WB1MMCH6, STM32WBA50KGU6, STM32WBA50KGU6TR, STM32WBA52CEU6, STM32WBA52CEU6TR, STM32WBA52CEU7, STM32WBA52CEU7TR, STM32WBA52CGU6, STM32WBA52CGU6TR, STM32WBA52CGU6U, STM32WBA52CGU7, STM32WBA52CGU7TR, STM32WBA52KEU6, STM32WBA52KEU6TR, STM32WBA52KGU6, STM32WBA52KGU6TR, STM32WBA54CEU6, STM32WBA54CEU6TR, STM32WBA54CEU7, STM32WBA54CEU7TR, STM32WBA54CGU6, STM32WBA54CGU6TR, STM32WBA54CGU7, STM32WBA54CGU7TR, STM32WBA54KEU6, STM32WBA54KEU6TR, STM32WBA54KEU7, STM32WBA54KEU7TR, STM32WBA54KGU6, STM32WBA54KGU6TR, STM32WBA54KGU7, STM32WBA54KGU7TR, STM32WBA55CEU6, STM32WBA55CEU6TR, STM32WBA55CEU7, STM32WBA55CEU7TR, STM32WBA55CGU6, STM32WBA55CGU6TR, STM32WBA55CGU6U, STM32WBA55CGU7, STM32WBA55CGU7TR, STM32WBA55G-DK1, STM32WBA55HEF6, STM32WBA55HEF7, STM32WBA55HGF6, STM32WBA55HGF7, STM32WBA55UEI6, STM32WBA55UEI6TR, STM32WBA55UEI7, STM32WBA55UEI7TR, STM32WBA55UGI6, STM32WBA55UGI6TR, STM32WBA55UGI7, STM32WBA55UGI7TR, STM32WBA5MJGH6TR, STM32WBA62CGU6, STM32WBA62CIU6, STM32WBA62MGF6, STM32WBA62MIF6, STM32WBA62PGI6, STM32WBA62PII6, STM32WBA63CGU6, STM32WBA63CGU7, STM32WBA63CIU6, STM32WBA63CIU7, STM32WBA64CGU6, STM32WBA64CGU7, STM32WBA64CIU6, STM32WBA64CIU7, STM32WBA65CGU6, STM32WBA65CGU7, STM32WBA65CIU6, STM32WBA65CIU7, STM32WBA65I-DK1, STM32WBA65MGF6, STM32WBA65MGF7, STM32WBA65MIF6, STM32WBA65MIF7, STM32WBA65PGI6, STM32WBA65PGI7, STM32WBA65PII6, STM32WBA65PII7, STM32WBA65RGV6, STM32WBA65RGV7, STM32WBA65RIV6, STM32WBA65RIV7, STM32WL30K8V6, STM32WL30KBV6, STM32WL31C8V6, STM32WL31CBV6, STM32WL31K8V6, STM32WL31KBV6, STM32WL33C8V6, STM32WL33C8V6TR, STM32WL33C8V7, STM32WL33C8V7TR, STM32WL33CBV6, STM32WL33CBV6TR, STM32WL33CBV7, STM32WL33CBV7TR, STM32WL33CCV6, STM32WL33CCV6TR, STM32WL33CCV7, STM32WL33CCV7A, STM32WL33CCV7ATR, STM32WL33CCV7TR, STM32WL33K8V6, STM32WL33K8V6TR, STM32WL33K8V7, STM32WL33K8V7TR, STM32WL33KBV6, STM32WL33KBV6TR, STM32WL33KBV7, STM32WL33KBV7TR, STM32WL33KCV6, STM32WL33KCV6TR, STM32WL33KCV7, STM32WL33KCV7TR, STM32WL5MOCH6, STM32WL5MOCH6TR]
2025-05-01 12:53:24,219 [INFO] DbMcus:218 - Found 4686 MCUs, 4686 are supported
2025-05-01 12:53:24,221 [INFO] ApiDb:423 - Load user favorites file C:\Users\vassc/.stm32cubeide/favorites.mcus.txt: 0 item(s)
2025-05-01 12:53:24,222 [INFO] ApiDb:427 - User favorites MCUs=[]
2025-05-01 12:53:24,222 [INFO] DbMcus:224 - Set 0 / 0 favorites MCUs
2025-05-01 12:53:24,829 [INFO] ApiDb:668 - CubeFinder database Data Model version=2.1
2025-05-01 12:53:24,829 [INFO] ApiDb:669 - CubeFinder database Configuration version=3.0.39
2025-05-01 12:53:24,829 [INFO] ApiDb:670 - CubeFinder database generation date=2025-04-23 (1745419778)
2025-05-01 12:53:24,829 [INFO] ApiDb:671 - CubeFinder database FW Pack versions=[FP-ATR-ASTRA1_V2.0.0, FP-SNS-FLIGHT1_V5.1.0, FP-SNS-MOTENV1_V5.0.0, FP-SNS-MOTENVWB1_V1.4.0, FP-SNS-SMARTAG2_V1.2.0, FP-SNS-STBOX1_V2.0.0, STM32Cube_FW_C0_V1.4.0, STM32Cube_FW_F4_V1.28.1, STM32Cube_FW_F7_V1.17.2, STM32Cube_FW_G0_V1.6.2, STM32Cube_FW_G4_V1.6.1, STM32Cube_FW_H5_V1.5.0, STM32Cube_FW_H7RS_V1.2.0, STM32Cube_FW_H7_V1.12.1, STM32Cube_FW_L0_V1.12.2, STM32Cube_FW_L4_V1.18.1, STM32Cube_FW_L5_V1.5.1, STM32Cube_FW_N6_V1.1.1, STM32Cube_FW_U0_V1.2.0, STM32Cube_FW_U3_V1.1.0, STM32Cube_FW_U5_V1.7.0, STM32Cube_FW_WB0_V1.2.0, STM32Cube_FW_WBA_V1.6.0, STM32Cube_FW_WB_V1.22.0, STM32Cube_FW_WL3_V1.1.0, STM32Cube_FW_WL_V1.3.1, X-CUBE-ALGOBUILD_V1.4.0, X-CUBE-ALS_V1.0.2, X-CUBE-AZRTOS-F4_V1.1.0, X-CUBE-AZRTOS-F7_V1.1.0, X-CUBE-AZRTOS-G0_V1.1.0, X-CUBE-AZRTOS-G4_V2.0.0, X-CUBE-AZRTOS-H7RS_V1.1.0, X-CUBE-AZRTOS-H7_V3.3.0, X-CUBE-AZRTOS-L4_V2.0.0, X-CUBE-AZRTOS-L5_V2.0.0, X-CUBE-AZRTOS-WB_V2.0.0, X-CUBE-AZRTOS-WL_V2.0.0, X-CUBE-BLE1_V7.1.0, X-CUBE-BLE2_V3.3.0, X-CUBE-BLEMGR_V4.0.0, X-CUBE-EEPRMA1_V5.1.0, X-CUBE-FREERTOS_V1.3.0, X-CUBE-GNSS1_V6.0.0, X-CUBE-MEMS1_V11.2.0, X-CUBE-NFC4_V3.0.0, X-CUBE-NFC7_V1.0.1, X-CUBE-SFXS2LP1_V4.0.0, X-CUBE-SUBG2_V5.0.0, X-CUBE-TOF1_V3.4.3]
2025-05-01 12:53:24,882 [INFO] DbBoardsSqlite:226 - include board P-NUCLEO-WB55-NUCLEO as a kit item of type 'Nucleo-64'
2025-05-01 12:53:24,882 [INFO] DbBoardsSqlite:226 - include board P-NUCLEO-WB55-USBDONGLE as a kit item of type 'Nucleo USB Dongle'
2025-05-01 12:53:24,882 [INFO] DbBoardsSqlite:226 - include board STEVAL-IDP005V1 as a kit item of type 'Evaluation Board'
2025-05-01 12:53:24,883 [INFO] DbBoardsSqlite:226 - include board STEVAL-IDP005V2 as a kit item of type 'Evaluation Board'
2025-05-01 12:53:24,953 [INFO] ApiDb:240 - Found 895 in-development CPN: [B-G473E-ZEST1S, B-WB1M-WPAN1, B-WBA5M-WPAN, B-WL5M-SUBG1, NUCLEO-C031C6, NUCLEO-C051C8, NUCLEO-C071RB, NUCLEO-C092RC, NUCLEO-H503RB, NUCLEO-H533RE, NUCLEO-H563ZI, NUCLEO-H7S3L8, NUCLEO-N657X0-Q, NUCLEO-U031R8, NUCLEO-U083RC, NUCLEO-U385RG-Q, NUCLEO-U545RE-Q, NUCLEO-U5A5ZJ-Q, NUCLEO-WB05KZ, NUCLEO-WB07CC, NUCLEO-WB09KE, NUCLEO-WBA52CG, NUCLEO-WBA55CG, NUCLEO-WBA65RI, NUCLEO-WL33CC1, NUCLEO-WL33CC2, STEVAL-PROTEUS1, STEVAL-SMARTAG2, STEVAL-STWINBX1, STM320518-EVAL, STM32C0116-DK, STM32C011D6Y3TR, STM32C011D6Y6TR, STM32C011F4P3, STM32C011F4P6, STM32C011F4U3, STM32C011F4U6TR, STM32C011F6P3, STM32C011F6P6, STM32C011F6U3, STM32C011F6U6TR, STM32C011J4M3, STM32C011J4M6, STM32C011J6M3, STM32C011J6M6, STM32C0316-DK, STM32C031C4T3, STM32C031C4T6, STM32C031C4U3, STM32C031C4U6, STM32C031C6T3, STM32C031C6T6, STM32C031C6U3, STM32C031C6U6, STM32C031F4P3, STM32C031F4P6, STM32C031F6P3, STM32C031F6P6, STM32C031G4U3, STM32C031G4U6, STM32C031G6U3, STM32C031G6U6, STM32C031K4T3, STM32C031K4T6, STM32C031K4U3, STM32C031K4U6, STM32C031K6T3, STM32C031K6T6, STM32C031K6U3, STM32C031K6U6, STM32C051C6T6, STM32C051C6U6, STM32C051C8T6, STM32C051C8U6, STM32C051D8Y6TR, STM32C051F6P6, STM32C051F8P6, STM32C051G6U6, STM32C051G8U6, STM32C051K6T6, STM32C051K6U6, STM32C051K8T6, STM32C071C8T6, STM32C071C8T6N, STM32C071C8U6, STM32C071C8U6N, STM32C071CBT6, STM32C071CBT6N, STM32C071CBU6, STM32C071CBU6N, STM32C071F8P6, STM32C071F8P6N, STM32C071FBP6, STM32C071FBP6N, STM32C071FBY6TR, STM32C071G8U6, STM32C071G8U6N, STM32C071GBU6, STM32C071GBU6N, STM32C071K8T6, STM32C071K8T6N, STM32C071K8U6, STM32C071K8U6N, STM32C071KBT6, STM32C071KBT6N, STM32C071KBU6, STM32C071KBU6N, STM32C071R8T6, STM32C071R8T6N, STM32C071RBI6N, STM32C071RBT6, STM32C071RBT6N, STM32C091CBT6, STM32C091CBU6, STM32C091CCT6, STM32C091CCU6, STM32C091ECY6TR, STM32C091FBP6, STM32C091FCP6, STM32C091GBU6, STM32C091GCU6, STM32C091KBT6, STM32C091KBU6, STM32C091KCT6, STM32C091KCU6, STM32C091RBT6, STM32C091RCI6, STM32C091RCT6, STM32C092CBT6, STM32C092CBU6, STM32C092CCT6, STM32C092CCU6, STM32C092ECY6TR, STM32C092FBP6, STM32C092FCP6, STM32C092GBU6, STM32C092GCU6, STM32C092KBT6, STM32C092KBU6, STM32C092KCT6, STM32C092KCU6, STM32C092RBT6, STM32C092RCI6, STM32C092RCT6, STM32G071K8TXN, STM32G071K8UXN, STM32G081GBU6N, STM32G081KBT6N, STM32G081KBUXN, STM32G0B1CCT6N, STM32G0B1KCT6, STM32G0B1NEY6TR, STM32G0B1RCT6N, STM32G0C1CCT6, STM32G0C1CCT6N, STM32G0C1CCU6N, STM32G0C1CET6N, STM32G0C1CEU6N, STM32G0C1KCT6, STM32G0C1NEY6TR, STM32G0C1RCI6N, STM32G0C1RCT6N, STM32G0C1REI6N, STM32G0C1RET6N, STM32G0C1VCI6, STM32G0C1VEI6, STM32G411C6T3, STM32G411C6T6, STM32G411C6U3, STM32G411C6U6, STM32G411C8T3, STM32G411C8T6, STM32G411C8U3, STM32G411C8U6, STM32G411CBT3, STM32G411CBT6, STM32G411CBU3, STM32G411CBU6, STM32G411CCT3, STM32G411CCT6, STM32G411CCU3, STM32G411CCU6, STM32G411K6T3, STM32G411K6T6, STM32G411K6U3, STM32G411K6U6, STM32G411K8T3, STM32G411K8T6, STM32G411K8U3, STM32G411K8U6, STM32G411KBT3, STM32G411KBT6, STM32G411KBU3, STM32G411KBU6, STM32G411M6T3, STM32G411M6T6, STM32G411M8T3, STM32G411M8T6, STM32G411MBT3, STM32G411MBT6, STM32G411MCT3, STM32G411MCT6, STM32G411R6T3, STM32G411R6T6, STM32G411R8T3, STM32G411R8T6, STM32G411RBT3, STM32G411RBT6, STM32G411RCT3, STM32G411RCT6, STM32G414CBT3, STM32G414CBT6, STM32G414CBU3, STM32G414CBU6, STM32G414CCT3, STM32G414CCT6, STM32G414CCU3, STM32G414CCU6, STM32G414MBT3, STM32G414MBT6, STM32G414MCT3, STM32G414MCT6, STM32G414RBT3, STM32G414RBT6, STM32G414RCT3, STM32G414RCT6, STM32G414VBT3, STM32G414VBT6, STM32G414VCT3, STM32G414VCT6, STM32G431CBT3Z, STM32G431RBT3Z, STM32G471CCT6, STM32G471CCU6, STM32G471CET3, STM32G471CET6, STM32G471CEU3, STM32G471CEU6, STM32G471MCT6, STM32G471MET3, STM32G471MET6, STM32G471MEY6TR, STM32G471QCT6, STM32G471QET3, STM32G471RCT6, STM32G471RET3, STM32G471RET6, STM32G471VCH6, STM32G471VCI6, STM32G471VCT6, STM32G471VEH3, STM32G471VEH6, STM32G471VEI3, STM32G471VEI6, STM32G471VET3, STM32G471VET6, STM32G473QET3Z, STM32G473RET3Z, STM32G474CCT6, STM32G491RET3Z, STM32H503CBT6, STM32H503CBU6, STM32H503EBY6TR, STM32H503KBU6, STM32H503RBT6, STM32H523CCT6, STM32H523CCU6, STM32H523CET6, STM32H523CEU6, STM32H523HEY6TR, STM32H523RCT6, STM32H523RET6, STM32H523VCI6, STM32H523VCT6, STM32H523VEI6, STM32H523VET6, STM32H523ZCJ6, STM32H523ZCT6, STM32H523ZEJ6, STM32H523ZET6, STM32H533CET6, STM32H533CEU6, STM32H533HEY6TR, STM32H533RET6, STM32H533VEI6, STM32H533VET6, STM32H533ZEJ6, STM32H533ZET6, STM32H562AGI6, STM32H562AII6, STM32H562IGK6, STM32H562IGT6, STM32H562IIK6, STM32H562IIT6, STM32H562RGT6, STM32H562RGV6, STM32H562RIT6, STM32H562RIV6, STM32H562VGT6, STM32H562VIT6, STM32H562ZGT6, STM32H562ZIT6, STM32H563AGI6, STM32H563AII3Q, STM32H563AII6, STM32H563IGK6, STM32H563IGT6, STM32H563IIK3Q, STM32H563IIK6, STM32H563IIT3Q, STM32H563IIT6, STM32H563MIY3QTR, STM32H563RGT6, STM32H563RGV6, STM32H563RIT6, STM32H563RIV6, STM32H563VGT6, STM32H563VIT3Q, STM32H563VIT6, STM32H563ZGT6, STM32H563ZIT3Q, STM32H563ZIT6, STM32H573AII3Q, STM32H573AII6, STM32H573I-DK, STM32H573IIK3Q, STM32H573IIK6, STM32H573IIT3Q, STM32H573IIT6, STM32H573MIY3QTR, STM32H573RIT6, STM32H573RIV6, STM32H573VIT3Q, STM32H573VIT6, STM32H573ZIT3Q, STM32H573ZIT6, STM32H7R3A8I6, STM32H7R3I8K6, STM32H7R3I8T6, STM32H7R3L8H6, STM32H7R3L8H6H, STM32H7R3R8V6, STM32H7R3V8H6, STM32H7R3V8T6, STM32H7R3V8Y6TR, STM32H7R3Z8J6, STM32H7R3Z8T6, STM32H7R7A8I6, STM32H7R7I8K6, STM32H7R7I8T6, STM32H7R7L8H6, STM32H7R7L8H6H, STM32H7R7Z8J6, STM32H7S3A8I6, STM32H7S3I8K6, STM32H7S3I8T6, STM32H7S3L8H6, STM32H7S3L8H6H, STM32H7S3R8V6, STM32H7S3V8H6, STM32H7S3V8T6, STM32H7S3V8Y6TR, STM32H7S3Z8J6, STM32H7S3Z8T6, STM32H7S78-DK, STM32H7S7A8I6, STM32H7S7I8K6, STM32H7S7I8T6, STM32H7S7L8H6, STM32H7S7L8H6H, STM32H7S7Z8J6, STM32L4R5QGI6STR, STM32MP131AAE3, STM32MP131AAF3, STM32MP131AAG3, STM32MP131CAE3, STM32MP131CAF3, STM32MP131CAG3, STM32MP131DAE7, STM32MP131DAF7, STM32MP131DAG7, STM32MP131FAE7, STM32MP131FAF7, STM32MP131FAG7, STM32MP133AAE3, STM32MP133AAF3, STM32MP133AAG3, STM32MP133CAE3, STM32MP133CAF3, STM32MP133CAG3, STM32MP133DAE7, STM32MP133DAF7, STM32MP133DAG7, STM32MP133FAE7, STM32MP133FAF7, STM32MP133FAG7, STM32MP135AAE3, STM32MP135AAF3, STM32MP135AAG3, STM32MP135CAE3, STM32MP135CAF3, STM32MP135CAG3, STM32MP135DAE7, STM32MP135DAF7, STM32MP135DAG7, STM32MP135F-DK, STM32MP135FAE7, STM32MP135FAF7, STM32MP135FAF7T, STM32MP135FAF7U, STM32MP135FAG7, STM32MP231AAJ3, STM32MP231AAK3, STM32MP231AAL3, STM32MP231CAJ3, STM32MP231CAK3, STM32MP231CAL3, STM32MP231DAJ3, STM32MP231DAK3, STM32MP231DAL3, STM32MP231FAJ3, STM32MP231FAK3, STM32MP231FAL3, STM32MP233AAJ3, STM32MP233AAK3, STM32MP233AAL3, STM32MP233CAJ3, STM32MP233CAK3, STM32MP233CAL3, STM32MP233DAJ3, STM32MP233DAK3, STM32MP233DAL3, STM32MP233FAJ3, STM32MP233FAK3, STM32MP233FAL3, STM32MP235AAJ3, STM32MP235AAK3, STM32MP235AAL3, STM32MP235CAJ3, STM32MP235CAK3, STM32MP235CAL3, STM32MP235DAJ3, STM32MP235DAK3, STM32MP235DAL3, STM32MP235FAJ3, STM32MP235FAK3, STM32MP235FAL3, STM32MP251AAI3, STM32MP251AAJ3, STM32MP251AAK3, STM32MP251AAL3, STM32MP251CAI3, STM32MP251CAJ3, STM32MP251CAK3, STM32MP251CAL3, STM32MP251DAI3, STM32MP251DAJ3, STM32MP251DAK3, STM32MP251DAL3, STM32MP251FAI3, STM32MP251FAJ3, STM32MP251FAK3, STM32MP251FAL3, STM32MP253AAI3, STM32MP253AAJ3, STM32MP253AAK3, STM32MP253AAL3, STM32MP253CAI3, STM32MP253CAJ3, STM32MP253CAK3, STM32MP253CAL3, STM32MP253DAI3, STM32MP253DAJ3, STM32MP253DAK3, STM32MP253DAL3, STM32MP253FAI3, STM32MP253FAJ3, STM32MP253FAK3, STM32MP253FAL3, STM32MP255AAI3, STM32MP255AAJ3, STM32MP255AAK3, STM32MP255AAL3, STM32MP255CAI3, STM32MP255CAJ3, STM32MP255CAK3, STM32MP255CAL3, STM32MP255DAI3, STM32MP255DAJ3, STM32MP255DAK3, STM32MP255DAL3, STM32MP255FAI3, STM32MP255FAJ3, STM32MP255FAK3, STM32MP255FAL3, STM32MP257AAI3, STM32MP257AAJ3, STM32MP257AAK3, STM32MP257AAL3, STM32MP257CAI3, STM32MP257CAJ3, STM32MP257CAK3, STM32MP257CAL3, STM32MP257DAI3, STM32MP257DAJ3, STM32MP257DAK3, STM32MP257DAL3, STM32MP257F-DK, STM32MP257F-EV1, STM32MP257FAI3, STM32MP257FAJ3, STM32MP257FAK3, STM32MP257FAL3, STM32N645A0H3Q, STM32N645B0H3Q, STM32N645I0H3Q, STM32N645L0H3Q, STM32N645X0H3Q, STM32N645Z0H3Q, STM32N647A0H3Q, STM32N647B0H3Q, STM32N647I0H3Q, STM32N647L0H3Q, STM32N647X0H3Q, STM32N647Z0H3Q, STM32N655A0H3Q, STM32N655B0H3Q, STM32N655I0H3Q, STM32N655L0H3Q, STM32N655X0H3Q, STM32N655Z0H3Q, STM32N6570-DK, STM32N657A0H3Q, STM32N657B0H3Q, STM32N657I0H3Q, STM32N657L0H3Q, STM32N657X0H3Q, STM32N657Z0H3Q, STM32U031C6T6, STM32U031C6U6, STM32U031C8T6, STM32U031C8U6, STM32U031F4P6, STM32U031F6P6, STM32U031F8P6, STM32U031G6Y6TR, STM32U031G8Y6TR, STM32U031K4U6, STM32U031K6U6, STM32U031K8U6, STM32U031R6I6, STM32U031R6T6, STM32U031R8I6, STM32U031R8T6, STM32U073C8T6, STM32U073C8U6, STM32U073CBT6, STM32U073CBU6, STM32U073CCT6, STM32U073CCU6, STM32U073H8Y6TR, STM32U073HBY6TR, STM32U073HCY6TR, STM32U073K8U6, STM32U073KBU6, STM32U073KCU6, STM32U073M8I6, STM32U073M8T6, STM32U073MBI6, STM32U073MBT6, STM32U073MCI6, STM32U073MCT6, STM32U073R8I6, STM32U073R8T6, STM32U073RBI6, STM32U073RBT6, STM32U073RCI6, STM32U073RCT6, STM32U083C-DK, STM32U083CCT6, STM32U083CCU6, STM32U083HCY6TR, STM32U083KCU6, STM32U083MCI6, STM32U083MCT6, STM32U083RCI6, STM32U083RCT6, STM32U375CET6, STM32U375CET6Q, STM32U375CEU6, STM32U375CEU6Q, STM32U375CEY6QTR, STM32U375CGT6, STM32U375CGT6Q, STM32U375CGU6, STM32U375CGU6Q, STM32U375CGY6QTR, STM32U375KEU6, STM32U375KGU6, STM32U375REI6, STM32U375REI6Q, STM32U375RET6, STM32U375RET6Q, STM32U375REY6GTR, STM32U375REY6QTR, STM32U375RGI6, STM32U375RGI6Q, STM32U375RGT6, STM32U375RGT6Q, STM32U375RGY6GTR, STM32U375RGY6QTR, STM32U375VEI6, STM32U375VEI6Q, STM32U375VET6, STM32U375VET6Q, STM32U375VGI6, STM32U375VGI6Q, STM32U375VGT6, STM32U375VGT6Q, STM32U385CGT6, STM32U385CGT6Q, STM32U385CGU6, STM32U385CGU6Q, STM32U385CGY6QTR, STM32U385KGU6, STM32U385RGI6, STM32U385RGI6Q, STM32U385RGT6, STM32U385RGT6Q, STM32U385RGY6GTR, STM32U385RGY6QTR, STM32U385VGI6, STM32U385VGI6Q, STM32U385VGT6, STM32U385VGT6Q, STM32U535CBT6, STM32U535CBT6Q, STM32U535CBU6, STM32U535CBU6Q, STM32U535CCT6, STM32U535CCT6Q, STM32U535CCU6, STM32U535CCU6Q, STM32U535CET6, STM32U535CET6Q, STM32U535CEU6, STM32U535CEU6Q, STM32U535JEY6QTR, STM32U535NCY6QTR, STM32U535NEY6QTR, STM32U535RBI6, STM32U535RBI6Q, STM32U535RBT6, STM32U535RBT6Q, STM32U535RCI6, STM32U535RCI6Q, STM32U535RCT6, STM32U535RCT6Q, STM32U535REI6, STM32U535REI6Q, STM32U535RET6, STM32U535RET6Q, STM32U535VCI6, STM32U535VCI6Q, STM32U535VCT6, STM32U535VCT6Q, STM32U535VEI6, STM32U535VEI6Q, STM32U535VET6, STM32U535VET6Q, STM32U545CET6, STM32U545CET6Q, STM32U545CEU6, STM32U545CEU6Q, STM32U545JEY6QTR, STM32U545NEY6QTR, STM32U545REI6, STM32U545REI6Q, STM32U545RET6, STM32U545RET6Q, STM32U545VEI6, STM32U545VEI6Q, STM32U545VET6, STM32U545VET6Q, STM32U595AIH6, STM32U595AIH6Q, STM32U595AJH6, STM32U595AJH6Q, STM32U595QII6, STM32U595QII6Q, STM32U595QJI6, STM32U595QJI6Q, STM32U595RIT6, STM32U595RIT6Q, STM32U595RJT6, STM32U595RJT6Q, STM32U595VIT6, STM32U595VIT6Q, STM32U595VJT6, STM32U595VJT6Q, STM32U595ZIT6, STM32U595ZIT6Q, STM32U595ZIY6QTR, STM32U595ZJT6, STM32U595ZJT6Q, STM32U595ZJY6QTR, STM32U599BJY6QTR, STM32U599NIH6Q, STM32U599NJH6Q, STM32U599VIT6Q, STM32U599VJT6, STM32U599VJT6Q, STM32U599ZIT6Q, STM32U599ZIY6QTR, STM32U599ZJT6Q, STM32U599ZJY6QTR, STM32U5A5AJH6, STM32U5A5AJH6Q, STM32U5A5QII3Q , STM32U5A5QJI6, STM32U5A5QJI6Q, STM32U5A5RJT6, STM32U5A5RJT6Q, STM32U5A5VJT6, STM32U5A5VJT6Q, STM32U5A5ZJT6, STM32U5A5ZJT6Q, STM32U5A5ZJY6QTR, STM32U5A9BJY6QTR, STM32U5A9J-DK, STM32U5A9NJH6Q, STM32U5A9VJT6Q, STM32U5A9ZJT6Q, STM32U5A9ZJY6QTR, STM32U5F7VIT6, STM32U5F7VIT6Q, STM32U5F7VJT6, STM32U5F7VJT6Q, STM32U5F9BJY6QTR, STM32U5F9NJH6Q, STM32U5F9VIT6Q, STM32U5F9VJT6Q, STM32U5F9ZIJ6QTR, STM32U5F9ZIT6Q, STM32U5F9ZJJ6QTR, STM32U5F9ZJT6Q, STM32U5G7VJT6, STM32U5G7VJT6Q, STM32U5G9BJY6QTR, STM32U5G9J-DK1, STM32U5G9J-DK2, STM32U5G9NJH6Q, STM32U5G9VJT6Q, STM32U5G9ZJJ6QTR, STM32U5G9ZJT6Q, STM32WB05KZV6TR, STM32WB05KZV7TR, STM32WB05TZF6TR, STM32WB05TZF7TR, STM32WB06CCF6TR, STM32WB06CCF7TR, STM32WB06CCV6TR, STM32WB06CCV7TR, STM32WB06KCV6TR, STM32WB06KCV7TR, STM32WB07CCF6TR, STM32WB07CCF7TR, STM32WB07CCV6TR, STM32WB07CCV7TR, STM32WB07KCV6TR, STM32WB07KCV7TR, STM32WB09KEV6TR, STM32WB09KEV7TR, STM32WB09TEF6TR, STM32WB09TEF7TR, STM32WB1MMCH6, STM32WBA50KGU6, STM32WBA50KGU6TR, STM32WBA52CEU6, STM32WBA52CEU6TR, STM32WBA52CEU7, STM32WBA52CEU7TR, STM32WBA52CGU6, STM32WBA52CGU6TR, STM32WBA52CGU6U, STM32WBA52CGU7, STM32WBA52CGU7TR, STM32WBA52KEU6, STM32WBA52KEU6TR, STM32WBA52KGU6, STM32WBA52KGU6TR, STM32WBA54CEU6, STM32WBA54CEU6TR, STM32WBA54CEU7, STM32WBA54CEU7TR, STM32WBA54CGU6, STM32WBA54CGU6TR, STM32WBA54CGU7, STM32WBA54CGU7TR, STM32WBA54KEU6, STM32WBA54KEU6TR, STM32WBA54KEU7, STM32WBA54KEU7TR, STM32WBA54KGU6, STM32WBA54KGU6TR, STM32WBA54KGU7, STM32WBA54KGU7TR, STM32WBA55CEU6, STM32WBA55CEU6TR, STM32WBA55CEU7, STM32WBA55CEU7TR, STM32WBA55CGU6, STM32WBA55CGU6TR, STM32WBA55CGU6U, STM32WBA55CGU7, STM32WBA55CGU7TR, STM32WBA55G-DK1, STM32WBA55HEF6, STM32WBA55HEF7, STM32WBA55HGF6, STM32WBA55HGF7, STM32WBA55UEI6, STM32WBA55UEI6TR, STM32WBA55UEI7, STM32WBA55UEI7TR, STM32WBA55UGI6, STM32WBA55UGI6TR, STM32WBA55UGI7, STM32WBA55UGI7TR, STM32WBA5MJGH6TR, STM32WBA62CGU6, STM32WBA62CIU6, STM32WBA62MGF6, STM32WBA62MIF6, STM32WBA62PGI6, STM32WBA62PII6, STM32WBA63CGU6, STM32WBA63CGU7, STM32WBA63CIU6, STM32WBA63CIU7, STM32WBA64CGU6, STM32WBA64CGU7, STM32WBA64CIU6, STM32WBA64CIU7, STM32WBA65CGU6, STM32WBA65CGU7, STM32WBA65CIU6, STM32WBA65CIU7, STM32WBA65I-DK1, STM32WBA65MGF6, STM32WBA65MGF7, STM32WBA65MIF6, STM32WBA65MIF7, STM32WBA65PGI6, STM32WBA65PGI7, STM32WBA65PII6, STM32WBA65PII7, STM32WBA65RGV6, STM32WBA65RGV7, STM32WBA65RIV6, STM32WBA65RIV7, STM32WL30K8V6, STM32WL30KBV6, STM32WL31C8V6, STM32WL31CBV6, STM32WL31K8V6, STM32WL31KBV6, STM32WL33C8V6, STM32WL33C8V6TR, STM32WL33C8V7, STM32WL33C8V7TR, STM32WL33CBV6, STM32WL33CBV6TR, STM32WL33CBV7, STM32WL33CBV7TR, STM32WL33CCV6, STM32WL33CCV6TR, STM32WL33CCV7, STM32WL33CCV7A, STM32WL33CCV7ATR, STM32WL33CCV7TR, STM32WL33K8V6, STM32WL33K8V6TR, STM32WL33K8V7, STM32WL33K8V7TR, STM32WL33KBV6, STM32WL33KBV6TR, STM32WL33KBV7, STM32WL33KBV7TR, STM32WL33KCV6, STM32WL33KCV6TR, STM32WL33KCV7, STM32WL33KCV7TR, STM32WL5MOCH6, STM32WL5MOCH6TR]
2025-05-01 12:53:25,247 [INFO] BoardInfo:889 - No configuration file found for board P-NUCLEO-WB55
2025-05-01 12:53:25,249 [INFO] DbBoards:161 - Kit is not supported: P-NUCLEO-WB55
2025-05-01 12:53:25,259 [INFO] BoardInfo:889 - No configuration file found for board STEVAL-BFA001V1B
2025-05-01 12:53:25,260 [INFO] DbBoards:161 - Kit is not supported: STEVAL-BFA001V1B
2025-05-01 12:53:25,261 [INFO] BoardInfo:889 - No configuration file found for board STEVAL-BFA001V2B
2025-05-01 12:53:25,263 [INFO] DbBoards:161 - Kit is not supported: STEVAL-BFA001V2B
2025-05-01 12:53:25,529 [INFO] DbBoards:168 - Found 211 boards, 208 are supported
2025-05-01 12:53:25,529 [INFO] DbBoards:169 - Found 211 boards, 43 of them is supported for  Bsp
2025-05-01 12:53:25,531 [INFO] ApiDb:414 - User favorites file not found: C:\Users\vassc/.stm32cubeide/favorites.boards.txt
2025-05-01 12:53:25,531 [INFO] DbBoards:198 - Set 0 / 0 favorites Boards
2025-05-01 12:53:25,534 [INFO] ApiDb:668 - CubeFinder database Data Model version=2.1
2025-05-01 12:53:25,534 [INFO] ApiDb:669 - CubeFinder database Configuration version=3.0.39
2025-05-01 12:53:25,534 [INFO] ApiDb:670 - CubeFinder database generation date=2025-04-23 (1745419778)
2025-05-01 12:53:25,534 [INFO] ApiDb:671 - CubeFinder database FW Pack versions=[FP-ATR-ASTRA1_V2.0.0, FP-SNS-FLIGHT1_V5.1.0, FP-SNS-MOTENV1_V5.0.0, FP-SNS-MOTENVWB1_V1.4.0, FP-SNS-SMARTAG2_V1.2.0, FP-SNS-STBOX1_V2.0.0, STM32Cube_FW_C0_V1.4.0, STM32Cube_FW_F4_V1.28.1, STM32Cube_FW_F7_V1.17.2, STM32Cube_FW_G0_V1.6.2, STM32Cube_FW_G4_V1.6.1, STM32Cube_FW_H5_V1.5.0, STM32Cube_FW_H7RS_V1.2.0, STM32Cube_FW_H7_V1.12.1, STM32Cube_FW_L0_V1.12.2, STM32Cube_FW_L4_V1.18.1, STM32Cube_FW_L5_V1.5.1, STM32Cube_FW_N6_V1.1.1, STM32Cube_FW_U0_V1.2.0, STM32Cube_FW_U3_V1.1.0, STM32Cube_FW_U5_V1.7.0, STM32Cube_FW_WB0_V1.2.0, STM32Cube_FW_WBA_V1.6.0, STM32Cube_FW_WB_V1.22.0, STM32Cube_FW_WL3_V1.1.0, STM32Cube_FW_WL_V1.3.1, X-CUBE-ALGOBUILD_V1.4.0, X-CUBE-ALS_V1.0.2, X-CUBE-AZRTOS-F4_V1.1.0, X-CUBE-AZRTOS-F7_V1.1.0, X-CUBE-AZRTOS-G0_V1.1.0, X-CUBE-AZRTOS-G4_V2.0.0, X-CUBE-AZRTOS-H7RS_V1.1.0, X-CUBE-AZRTOS-H7_V3.3.0, X-CUBE-AZRTOS-L4_V2.0.0, X-CUBE-AZRTOS-L5_V2.0.0, X-CUBE-AZRTOS-WB_V2.0.0, X-CUBE-AZRTOS-WL_V2.0.0, X-CUBE-BLE1_V7.1.0, X-CUBE-BLE2_V3.3.0, X-CUBE-BLEMGR_V4.0.0, X-CUBE-EEPRMA1_V5.1.0, X-CUBE-FREERTOS_V1.3.0, X-CUBE-GNSS1_V6.0.0, X-CUBE-MEMS1_V11.2.0, X-CUBE-NFC4_V3.0.0, X-CUBE-NFC7_V1.0.1, X-CUBE-SFXS2LP1_V4.0.0, X-CUBE-SUBG2_V5.0.0, X-CUBE-TOF1_V3.4.3]
2025-05-01 12:53:26,174 [ERROR] DbExamplesSqlite:437 - Missing JSON key: board_cpn
2025-05-01 12:53:26,175 [ERROR] DbExamplesSqlite:437 - Missing JSON key: board_cpn
2025-05-01 12:53:26,175 [ERROR] DbExamplesSqlite:437 - Missing JSON key: board_cpn
2025-05-01 12:53:26,175 [ERROR] DbExamplesSqlite:437 - Missing JSON key: board_cpn
2025-05-01 12:53:26,322 [ERROR] DbExamplesSqlite:437 - Missing JSON key: board_cpn
2025-05-01 12:53:26,323 [ERROR] DbExamplesSqlite:437 - Missing JSON key: board_cpn
2025-05-01 12:53:26,323 [ERROR] DbExamplesSqlite:437 - Missing JSON key: board_cpn
2025-05-01 12:53:26,323 [ERROR] DbExamplesSqlite:437 - Missing JSON key: board_cpn
2025-05-01 12:53:26,323 [ERROR] DbExamplesSqlite:437 - Missing JSON key: board_cpn
2025-05-01 12:53:26,324 [ERROR] DbExamplesSqlite:437 - Missing JSON key: board_cpn
2025-05-01 12:53:26,324 [ERROR] DbExamplesSqlite:437 - Missing JSON key: board_cpn
2025-05-01 12:53:26,325 [ERROR] DbExamplesSqlite:437 - Missing JSON key: board_cpn
2025-05-01 12:53:26,325 [ERROR] DbExamplesSqlite:437 - Missing JSON key: board_cpn
2025-05-01 12:53:26,488 [ERROR] DbExamplesSqlite:437 - Missing JSON key: board_cpn
2025-05-01 12:53:26,497 [INFO] DbExamplesSqlite:395 - Ignored 46 examples not supported by CubeIDE
2025-05-01 12:53:26,498 [INFO] DbExamplesSqlite:396 - Found 10821 examples active
2025-05-01 12:53:26,498 [INFO] DbExamplesSqlite:397 - Found 0 examples obsolete
2025-05-01 12:53:26,498 [INFO] DbExamplesSqlite:398 - Found 0 examples under development
2025-05-01 12:53:26,498 [INFO] DbExamplesSqlite:399 - Found 79 examples not building
2025-05-01 12:53:26,500 [INFO] DbExamples:125 - Found 10854 examples
2025-05-01 12:53:26,519 [ERROR] DbExamples:208 - Found 3 examples with invalid data (board or MCU)
2025-05-01 12:53:26,519 [INFO] DbExamples:222 - Found 134 boards with related examples
2025-05-01 12:53:26,519 [INFO] DbExamples:235 - Found 110 MCUs with related examples
2025-05-01 12:53:26,553 [INFO] ApiDb:414 - User favorites file not found: C:\Users\vassc/.stm32cubeide/favorites.examples.txt
2025-05-01 12:53:26,554 [INFO] DbExamples:250 - Set 0 / 0 favorites Examples
2025-05-01 12:53:26,738 [INFO] McuFinderGlobals:76 - Set McuFinderConnectedMode to true
2025-05-01 12:53:26,759 [INFO] MultiScanPanel:200 - Auto-refresh data requested => check proxy status ongoing
2025-05-01 12:53:26,764 [INFO] FinderPluginLoader:95 - Searching for filters in installed packs
2025-05-01 12:53:28,235 [INFO] LoadUrlFilesThread:185 - End of LoadServerUrlFiles without Thread
2025-05-01 12:53:28,318 [INFO] DetailPanel:341 - Set advertising image to C:/Users/vassc/STM32Cube/Repository/\en.prom-stm32u3-mcu-finder.jpg
2025-05-01 12:55:59,047 [INFO] MainUpdater:2872 - connection check result : 10
2025-05-01 12:55:59,047 [INFO] MainUpdater:2872 - connection check result : 10
2025-05-01 12:55:59,072 [INFO] MicroXplorer:468 - Change Database Path : 
2025-05-01 12:55:59,072 [INFO] MicroXplorer:498 - Change Database Version : DB.6.0.141
2025-05-01 12:55:59,079 [WARN] ThirdParty:871 - waiting for thirdparty lock release [close project]
2025-05-01 12:55:59,079 [INFO] ThirdParty:873 - entering critical section [close project]
2025-05-01 12:55:59,081 [INFO] ThirdParty:883 - exiting critical section [close project]
2025-05-01 12:55:59,084 [INFO] PinOutPanel:1589 - setPackage(No Configuration,No Configuration)
2025-05-01 12:55:59,089 [INFO] UtilMem:75 - Begin LoadConfig() Used Memory: 600712488 Bytes (799014912)
2025-05-01 12:55:59,090 [INFO] MicroXplorer:468 - Change Database Path : 
2025-05-01 12:55:59,090 [INFO] MicroXplorer:498 - Change Database Version : DB.6.0.141
2025-05-01 12:55:59,091 [INFO] OpenFileManager:354 - Change cursor
2025-05-01 12:55:59,171 [INFO] Mcu:2011 - Initializing MCU STM32F429ZITx STM32F429ZITx STM32F429ZIT6
2025-05-01 12:56:01,340 [INFO] Context:756 - Trying to add GPIOservice into a context  which must be forbidden
2025-05-01 12:56:01,890 [INFO] ImportTextPane:218 - (OptionalMessage_ERROR) Unable to find key (Mcu.ThirdPartyNb) in loaded IOC file
2025-05-01 12:56:01,890 [INFO] ImportTextPane:218 - (OptionalMessage_ERROR) Unable to find key (Mcu.PinsNb) in loaded IOC file
2025-05-01 12:56:01,891 [INFO] ImportTextPane:218 - (OptionalMessage_ERROR) Pin0 (VP_RIF_VS_RIF1) cannot be retrieved for this MCU
2025-05-01 12:56:01,891 [INFO] ImportTextPane:218 - (OptionalMessage_ERROR) Unable to find key (Mcu.IPNb) in loaded IOC file
2025-05-01 12:56:01,974 [INFO] RtosManager:558 - Registered RTOS mode: class=CMSIS, group=RTOS, mode=CMSIS_V1, owner=FREERTOS
2025-05-01 12:56:01,974 [INFO] RtosManager:558 - Registered RTOS mode: class=CMSIS, group=RTOS2, mode=CMSIS_V2, owner=FREERTOS
2025-05-01 12:56:01,974 [INFO] RtosManager:558 - Registered RTOS mode: class=RTOS, group=Core, mode=CMSIS_V1, owner=FREERTOS
2025-05-01 12:56:01,974 [INFO] RtosManager:558 - Registered RTOS mode: class=RTOS, group=Core, mode=CMSIS_V2, owner=FREERTOS
2025-05-01 12:56:01,974 [WARN] ModelIntegratedComponent:184 - Missing modes for component STMicroelectronics:FreeRTOS:0.0.1:STMicroelectronics:RTOS:FreeRTOS:Core:::10.2.0:
2025-05-01 12:56:01,980 [WARN] ModelIntegratedComponent:63 - No mode defined for component null
2025-05-01 12:56:01,980 [WARN] ModelIntegratedComponent:63 - No mode defined for component null
2025-05-01 12:56:01,981 [WARN] ModelIntegratedComponent:63 - No mode defined for component null
2025-05-01 12:56:01,981 [WARN] ModelIntegratedComponent:63 - No mode defined for component null
2025-05-01 12:56:01,981 [WARN] ModelIntegratedComponent:63 - No mode defined for component null
2025-05-01 12:56:01,981 [WARN] ModelIntegratedComponent:63 - No mode defined for component null
2025-05-01 12:56:01,981 [WARN] ModelIntegratedComponent:63 - No mode defined for component null
2025-05-01 12:56:01,981 [WARN] ModelIntegratedComponent:63 - No mode defined for component null
2025-05-01 12:56:01,981 [WARN] ModelIntegratedComponent:63 - No mode defined for component null
2025-05-01 12:56:01,981 [WARN] ModelIntegratedComponent:63 - No mode defined for component null
2025-05-01 12:56:01,981 [WARN] ModelIntegratedComponent:63 - No mode defined for component null
2025-05-01 12:56:01,981 [WARN] ModelIntegratedComponent:63 - No mode defined for component null
2025-05-01 12:56:01,981 [WARN] ModelIntegratedComponent:63 - No mode defined for component null
2025-05-01 12:56:01,981 [WARN] ModelIntegratedComponent:63 - No mode defined for component null
2025-05-01 12:56:01,981 [WARN] ModelIntegratedComponent:63 - No mode defined for component null
2025-05-01 12:56:01,981 [WARN] ModelIntegratedComponent:63 - No mode defined for component null
2025-05-01 12:56:01,981 [WARN] ModelIntegratedComponent:63 - No mode defined for component null
2025-05-01 12:56:01,981 [WARN] ModelIntegratedComponent:63 - No mode defined for component null
2025-05-01 12:56:01,981 [WARN] ModelIntegratedComponent:63 - No mode defined for component null
2025-05-01 12:56:01,982 [WARN] ModelIntegratedComponent:63 - No mode defined for component null
2025-05-01 12:56:01,982 [WARN] ModelIntegratedComponent:63 - No mode defined for component null
2025-05-01 12:56:01,982 [WARN] ModelIntegratedComponent:63 - No mode defined for component null
2025-05-01 12:56:01,982 [WARN] ModelIntegratedComponent:63 - No mode defined for component null
2025-05-01 12:56:01,982 [WARN] ModelIntegratedComponent:63 - No mode defined for component null
2025-05-01 12:56:01,982 [WARN] ModelIntegratedComponent:63 - No mode defined for component null
2025-05-01 12:56:01,982 [WARN] ModelIntegratedComponent:63 - No mode defined for component null
2025-05-01 12:56:01,982 [WARN] ModelIntegratedComponent:63 - No mode defined for component null
2025-05-01 12:56:01,982 [WARN] ModelIntegratedComponent:63 - No mode defined for component null
2025-05-01 12:56:01,982 [WARN] ModelIntegratedComponent:63 - No mode defined for component null
2025-05-01 12:56:01,982 [WARN] ModelIntegratedComponent:63 - No mode defined for component null
2025-05-01 12:56:01,982 [WARN] ModelIntegratedComponent:63 - No mode defined for component null
2025-05-01 12:56:01,982 [WARN] ModelIntegratedComponent:63 - No mode defined for component null
2025-05-01 12:56:01,982 [WARN] ModelIntegratedComponent:63 - No mode defined for component null
2025-05-01 12:56:01,982 [WARN] ModelIntegratedComponent:63 - No mode defined for component null
2025-05-01 12:56:01,982 [WARN] ModelIntegratedComponent:63 - No mode defined for component null
2025-05-01 12:56:01,983 [WARN] ModelPack:524 - Component already loaded: STMicroelectronics:HAL Drivers:0.0.0:STMicroelectronics:Device:STMicro_Driver:XSPI:HAL::0.0.1:HAL_XSPI
2025-05-01 12:56:02,301 [INFO] ThirdPartyModel:298 - Start build external matchings
2025-05-01 12:56:03,564 [INFO] ThirdPartyModel:316 - End build external matchings
2025-05-01 12:56:04,085 [INFO] UtilMem:75 - End LoadConfig() Used Memory: 446639752 Bytes (799014912)
2025-05-01 12:56:04,127 [WARN] ThirdParty:833 - waiting for thirdparty lock release [change project]
2025-05-01 12:56:04,127 [INFO] ThirdParty:835 - entering critical section [change project]
2025-05-01 12:56:04,127 [INFO] ThirdParty:1030 - CMSIS Pack Vendor :STMicroelectronics USBPD 4.1
2025-05-01 12:56:04,128 [INFO] ThirdParty:1030 - CMSIS Pack Vendor :STMicroelectronics X-CUBE-GNSS1 6.0.0
2025-05-01 12:56:04,128 [INFO] ThirdParty:1030 - CMSIS Pack Vendor :STMicroelectronics USB_HOST 2.0.0
2025-05-01 12:56:04,128 [INFO] ThirdParty:1030 - CMSIS Pack Vendor :STMicroelectronics FP-SNS-MOTENVWB1 1.4.0
2025-05-01 12:56:04,128 [INFO] ThirdParty:1030 - CMSIS Pack Vendor :STMicroelectronics X-CUBE-AZRTOS-F4 1.1.0
2025-05-01 12:56:04,128 [INFO] ThirdParty:1030 - CMSIS Pack Vendor :STMicroelectronics LIBJPEG 8.0.0
2025-05-01 12:56:04,128 [INFO] ThirdParty:1030 - CMSIS Pack Vendor :STMicroelectronics FP-ATR-ASTRA1 2.0.2
2025-05-01 12:56:04,128 [INFO] ThirdParty:1030 - CMSIS Pack Vendor :Avnet-IotConnect X-CUBE-IoTC-DA16k-PMOD 1.0.0
2025-05-01 12:56:04,129 [INFO] ThirdParty:1030 - CMSIS Pack Vendor :STMicroelectronics X-CUBE-SMBUS 2.1.0
2025-05-01 12:56:04,129 [INFO] ThirdParty:1030 - CMSIS Pack Vendor :STMicroelectronics X-CUBE-ISPU 2.1.0
2025-05-01 12:56:04,129 [INFO] ThirdParty:1030 - CMSIS Pack Vendor :STMicroelectronics X-CUBE-FREERTOS 1.2.0
2025-05-01 12:56:04,129 [INFO] ThirdParty:1030 - CMSIS Pack Vendor :STMicroelectronics X-CUBE-TOUCHGFX 4.23.2
2025-05-01 12:56:04,129 [INFO] ThirdParty:1030 - CMSIS Pack Vendor :STMicroelectronics X-CUBE-AZRTOS-F7 1.1.0
2025-05-01 12:56:04,129 [INFO] ThirdParty:1030 - CMSIS Pack Vendor :STMicroelectronics X-CUBE-AZRTOS-L5 2.0.0
2025-05-01 12:56:04,129 [INFO] ThirdParty:1030 - CMSIS Pack Vendor :STMicroelectronics USB_DEVICE 2.0.0
2025-05-01 12:56:04,129 [INFO] ThirdParty:1030 - CMSIS Pack Vendor :STMicroelectronics X-CUBE-NFC6 3.1.0
2025-05-01 12:56:04,129 [INFO] ThirdParty:1030 - CMSIS Pack Vendor :STMicroelectronics FreeRTOS 0.0.1
2025-05-01 12:56:04,129 [INFO] ThirdParty:1030 - CMSIS Pack Vendor :STMicroelectronics FP-SNS-FLIGHT1 5.0.2
2025-05-01 12:56:04,129 [INFO] ThirdParty:1030 - CMSIS Pack Vendor :STMicroelectronics X-CUBE-AI 9.0.0
2025-05-01 12:56:04,129 [INFO] ThirdParty:1030 - CMSIS Pack Vendor :STMicroelectronics PDM2PCM 3.3.0
2025-05-01 12:56:04,129 [INFO] ThirdParty:1030 - CMSIS Pack Vendor :STMicroelectronics X-CUBE-DISPLAY 3.0.0
2025-05-01 12:56:04,130 [INFO] ThirdParty:1030 - CMSIS Pack Vendor :STMicroelectronics X-CUBE-BLE1 7.0.0
2025-05-01 12:56:04,130 [INFO] ThirdParty:1030 - CMSIS Pack Vendor :STMicroelectronics X-CUBE-NFC10 1.0.0
2025-05-01 12:56:04,130 [INFO] ThirdParty:1030 - CMSIS Pack Vendor :STMicroelectronics X-CUBE-BLEMGR 4.0.0
2025-05-01 12:56:04,130 [INFO] ThirdParty:1030 - CMSIS Pack Vendor :STMicroelectronics HAL Drivers 0.0.0
2025-05-01 12:56:04,130 [INFO] ThirdParty:1030 - CMSIS Pack Vendor :emotas I-CUBE-CANOPEN 1.3.0
2025-05-01 12:56:04,130 [INFO] ThirdParty:1030 - CMSIS Pack Vendor :STMicroelectronics X-CUBE-FREERTOS 1.3.0
2025-05-01 12:56:04,130 [INFO] ThirdParty:1030 - CMSIS Pack Vendor :STMicroelectronics X-CUBE-NFC7 1.0.1
2025-05-01 12:56:04,130 [INFO] ThirdParty:1030 - CMSIS Pack Vendor :STMicroelectronics MBEDTLS 2.14.1
2025-05-01 12:56:04,130 [INFO] ThirdParty:1030 - CMSIS Pack Vendor :quantropi X-CUBE-qispace-sdk-base 2.0.0
2025-05-01 12:56:04,130 [INFO] ThirdParty:1030 - CMSIS Pack Vendor :STMicroelectronics X-CUBE-BLEMGR 3.1.0
2025-05-01 12:56:04,130 [INFO] ThirdParty:1030 - CMSIS Pack Vendor :STMicroelectronics X-CUBE-AI 10.0.0
2025-05-01 12:56:04,130 [INFO] ThirdParty:1030 - CMSIS Pack Vendor :STMicroelectronics FP-SNS-SMARTAG2 1.2.0
2025-05-01 12:56:04,130 [INFO] ThirdParty:1030 - CMSIS Pack Vendor :STMicroelectronics FP-SNS-FLIGHT1 5.1.0
2025-05-01 12:56:04,130 [INFO] ThirdParty:1030 - CMSIS Pack Vendor :STMicroelectronics X-CUBE-AZRTOS-WL 2.0.0
2025-05-01 12:56:04,131 [INFO] ThirdParty:1030 - CMSIS Pack Vendor :STMicroelectronics X-CUBE-DPower 1.3.0
2025-05-01 12:56:04,131 [INFO] ThirdParty:1030 - CMSIS Pack Vendor :STMicroelectronics FP-SNS-MOTENV1 5.0.0
2025-05-01 12:56:04,131 [INFO] ThirdParty:1030 - CMSIS Pack Vendor :STMicroelectronics USB_DEVICE 1.0.0
2025-05-01 12:56:04,131 [INFO] ThirdParty:1030 - CMSIS Pack Vendor :STMicroelectronics X-CUBE-AI 8.1.0
2025-05-01 12:56:04,131 [INFO] ThirdParty:1030 - CMSIS Pack Vendor :STMicroelectronics X-CUBE-AZRTOS-L4 2.0.0
2025-05-01 12:56:04,131 [INFO] ThirdParty:1030 - CMSIS Pack Vendor :STMicroelectronics ThreadX 0.0.2
2025-05-01 12:56:04,131 [INFO] ThirdParty:1030 - CMSIS Pack Vendor :WES I-CUBE-Cesium 1.3.0
2025-05-01 12:56:04,132 [INFO] ThirdParty:1030 - CMSIS Pack Vendor :STMicroelectronics lwIP 2.1.2
2025-05-01 12:56:04,132 [INFO] ThirdParty:1030 - CMSIS Pack Vendor :STMicroelectronics X-CUBE-SFXS2LP1 4.0.0
2025-05-01 12:56:04,132 [INFO] ThirdParty:1030 - CMSIS Pack Vendor :STMicroelectronics X-CUBE-BLE2 3.3.0
2025-05-01 12:56:04,132 [INFO] ThirdParty:1030 - CMSIS Pack Vendor :STMicroelectronics PDM2PCM 3.2.0
2025-05-01 12:56:04,132 [INFO] ThirdParty:1030 - CMSIS Pack Vendor :STMicroelectronics X-CUBE-AZRTOS-H7 3.3.0
2025-05-01 12:56:04,132 [INFO] ThirdParty:1030 - CMSIS Pack Vendor :STMicroelectronics X-CUBE-NFC9 1.0.0
2025-05-01 12:56:04,132 [INFO] ThirdParty:1030 - CMSIS Pack Vendor :STMicroelectronics X-CUBE-BLE1 7.1.0
2025-05-01 12:56:04,132 [INFO] ThirdParty:1030 - CMSIS Pack Vendor :wolfSSL I-CUBE-wolfMQTT 1.19.2
2025-05-01 12:56:04,132 [INFO] ThirdParty:1030 - CMSIS Pack Vendor :STMicroelectronics USB_DEVICE 3.0.0
2025-05-01 12:56:04,132 [INFO] ThirdParty:1030 - CMSIS Pack Vendor :STMicroelectronics X-CUBE-TCPP 4.1.0
2025-05-01 12:56:04,132 [INFO] ThirdParty:1030 - CMSIS Pack Vendor :STMicroelectronics X-CUBE-AZRTOS-WB 2.0.0
2025-05-01 12:56:04,132 [INFO] ThirdParty:1030 - CMSIS Pack Vendor :STMicroelectronics X-CUBE-GNSS1 7.0.1
2025-05-01 12:56:04,132 [INFO] ThirdParty:1030 - CMSIS Pack Vendor :STMicroelectronics X-CUBE-TOUCHGFX 4.25.0
2025-05-01 12:56:04,132 [INFO] ThirdParty:1030 - CMSIS Pack Vendor :STMicroelectronics FP-SNS-STBOX1 2.0.0
2025-05-01 12:56:04,132 [INFO] ThirdParty:1030 - CMSIS Pack Vendor :STMicroelectronics X-CUBE-ALGOBUILD 1.3.0
2025-05-01 12:56:04,133 [INFO] ThirdParty:1030 - CMSIS Pack Vendor :STMicroelectronics X-CUBE-MEMS1 11.2.0
2025-05-01 12:56:04,134 [INFO] ThirdParty:1030 - CMSIS Pack Vendor :STMicroelectronics X-CUBE-AZRTOS-G0 1.1.0
2025-05-01 12:56:04,134 [INFO] ThirdParty:1030 - CMSIS Pack Vendor :STMicroelectronics X-CUBE-SAFEA1 1.2.2
2025-05-01 12:56:04,134 [INFO] ThirdParty:1030 - CMSIS Pack Vendor :STMicroelectronics X-CUBE-NFC4 3.0.0
2025-05-01 12:56:04,134 [INFO] ThirdParty:1030 - CMSIS Pack Vendor :STMicroelectronics X-CUBE-SUBG2 5.0.0
2025-05-01 12:56:04,134 [INFO] ThirdParty:1030 - CMSIS Pack Vendor :STMicroelectronics X-CUBE-AZRTOS-H7RS 1.1.0
2025-05-01 12:56:04,134 [INFO] ThirdParty:1030 - CMSIS Pack Vendor :STMicroelectronics STM32_WPAN 1.0.0
2025-05-01 12:56:04,134 [INFO] ThirdParty:1030 - CMSIS Pack Vendor :EmbeddedOffice I-CUBE-FS-RTOS 1.0.1
2025-05-01 12:56:04,134 [INFO] ThirdParty:1030 - CMSIS Pack Vendor :STMicroelectronics lwIP 2.0.3
2025-05-01 12:56:04,134 [INFO] ThirdParty:1030 - CMSIS Pack Vendor :STMicroelectronics USB_HOST 1.0.0
2025-05-01 12:56:04,134 [INFO] ThirdParty:1030 - CMSIS Pack Vendor :STMicroelectronics X-CUBE-AZRTOS-G4 2.0.0
2025-05-01 12:56:04,134 [INFO] ThirdParty:1030 - CMSIS Pack Vendor :STMicroelectronics X-CUBE-WB05N 2.0.0
2025-05-01 12:56:04,134 [INFO] ThirdParty:1030 - CMSIS Pack Vendor :STMicroelectronics PDM2PCM 3.1.0
2025-05-01 12:56:04,135 [INFO] ThirdParty:1030 - CMSIS Pack Vendor :wolfSSL I-CUBE-wolfTPM 3.8.0
2025-05-01 12:56:04,135 [INFO] ThirdParty:1030 - CMSIS Pack Vendor :wolfSSL I-CUBE-wolfSSH 1.4.20
2025-05-01 12:56:04,135 [INFO] ThirdParty:1030 - CMSIS Pack Vendor :STMicroelectronics X-CUBE-NFC7 2.0.0
2025-05-01 12:56:04,135 [INFO] ThirdParty:1030 - CMSIS Pack Vendor :STMicroelectronics X-CUBE-TCPP 4.2.0
2025-05-01 12:56:04,135 [INFO] ThirdParty:1030 - CMSIS Pack Vendor :RealThread X-CUBE-RT-Thread_Nano 4.1.1
2025-05-01 12:56:04,135 [INFO] ThirdParty:1030 - CMSIS Pack Vendor :wolfSSL I-CUBE-wolfSSL 5.7.0
2025-05-01 12:56:04,135 [INFO] ThirdParty:1030 - CMSIS Pack Vendor :STMicroelectronics FP-SNS-MOTENVWB1 1.3.1
2025-05-01 12:56:04,135 [INFO] ThirdParty:1030 - CMSIS Pack Vendor :STMicroelectronics FP-ATR-SIGFOX1 3.2.0
2025-05-01 12:56:04,135 [INFO] ThirdParty:1030 - CMSIS Pack Vendor :STMicroelectronics X-CUBE-ISPU 2.0.0
2025-05-01 12:56:04,135 [INFO] ThirdParty:1030 - CMSIS Pack Vendor :STMicroelectronics X-CUBE-EEPRMA1 5.1.0
2025-05-01 12:56:04,135 [INFO] ThirdParty:1030 - CMSIS Pack Vendor :STMicroelectronics MBEDTLS 2.16.2
2025-05-01 12:56:04,135 [INFO] ThirdParty:1030 - CMSIS Pack Vendor :STMicroelectronics X-CUBE-IPS 3.1.0
2025-05-01 12:56:04,135 [INFO] ThirdParty:1030 - CMSIS Pack Vendor :STMicroelectronics X-CUBE-ALS 1.0.2
2025-05-01 12:56:04,136 [INFO] ThirdParty:1030 - CMSIS Pack Vendor :STMicroelectronics X-CUBE-MEMS1 10.0.0
2025-05-01 12:56:04,136 [INFO] ThirdParty:1030 - CMSIS Pack Vendor :STMicroelectronics X-CUBE-FREERTOS 1.1.0
2025-05-01 12:56:04,136 [INFO] ThirdParty:1030 - CMSIS Pack Vendor :ITTIA_DB I-CUBE-ITTIADB 8.9.0
2025-05-01 12:56:04,136 [INFO] ThirdParty:1030 - CMSIS Pack Vendor :portGmbH I-Cube-SoM-uGOAL 1.1.0
2025-05-01 12:56:04,136 [INFO] ThirdParty:1030 - CMSIS Pack Vendor :STMicroelectronics X-CUBE-ALS 1.0.1
2025-05-01 12:56:04,136 [INFO] ThirdParty:1030 - CMSIS Pack Vendor :STMicroelectronics ThreadX 1.0.0
2025-05-01 12:56:04,136 [INFO] ThirdParty:1030 - CMSIS Pack Vendor :SEGGER I-CUBE-embOS 1.3.1
2025-05-01 12:56:04,136 [INFO] ThirdParty:1030 - CMSIS Pack Vendor :STMicroelectronics X-CUBE-ALGOBUILD 1.4.0
2025-05-01 12:56:04,136 [INFO] ThirdParty:1030 - CMSIS Pack Vendor :STMicroelectronics X-CUBE-AZRTOS-H7RS 1.0.0
2025-05-01 12:56:04,136 [INFO] ThirdParty:1030 - CMSIS Pack Vendor :STMicroelectronics FP-ATR-ASTRA1 2.0.0
2025-05-01 12:56:04,136 [INFO] ThirdParty:1030 - CMSIS Pack Vendor :STMicroelectronics X-CUBE-TOF1 3.4.3
2025-05-01 12:56:04,136 [INFO] ThirdParty:1030 - CMSIS Pack Vendor :STMicroelectronics X-CUBE-TOF1 3.4.1
2025-05-01 12:56:04,137 [INFO] ThirdParty:1030 - CMSIS Pack Vendor :STMicroelectronics X-CUBE-AZRTOS-H7 3.2.0
2025-05-01 12:56:04,137 [INFO] ThirdParty:1030 - CMSIS Pack Vendor :Infineon AIROC-Wi-Fi-Bluetooth-STM32 1.6.0
2025-05-01 12:56:04,137 [INFO] ThirdParty:841 - exiting critical section [change project]
2025-05-01 12:56:04,646 [INFO] PinOutPanel:1589 - setPackage(No Configuration,No Configuration)
2025-05-01 12:56:04,648 [INFO] PinOutPanel:1589 - setPackage(STM32F429ZITx,LQFP144)
2025-05-01 12:56:05,163 [INFO] UtilMem:75 - Before build in PCC Used Memory: 266770632 Bytes (799014912)
2025-05-01 12:56:05,812 [INFO] UtilMem:75 - After build in PCC Used Memory: 348559560 Bytes (799014912)
2025-05-01 12:56:05,848 [INFO] IPUIPlugin:80 - create IPUIPlugin
2025-05-01 12:56:05,848 [INFO] IPUIPlugin:80 - create IPUIPlugin
2025-05-01 12:56:05,848 [INFO] IPUIPlugin:80 - create IPUIPlugin
2025-05-01 12:56:05,849 [INFO] IPUIPlugin:80 - create IPUIPlugin
2025-05-01 12:56:05,849 [INFO] IPUIPlugin:80 - create IPUIPlugin
2025-05-01 12:56:05,849 [INFO] IPUIPlugin:80 - create IPUIPlugin
2025-05-01 12:56:05,849 [INFO] IPUIPlugin:80 - create IPUIPlugin
2025-05-01 12:56:05,849 [INFO] IPUIPlugin:80 - create IPUIPlugin
2025-05-01 12:56:05,850 [INFO] IPUIPlugin:80 - create IPUIPlugin
2025-05-01 12:56:05,850 [INFO] IPUIPlugin:80 - create IPUIPlugin
2025-05-01 12:56:05,850 [INFO] IPUIPlugin:80 - create IPUIPlugin
2025-05-01 12:56:05,850 [INFO] IPUIPlugin:80 - create IPUIPlugin
2025-05-01 12:56:05,850 [INFO] IPUIPlugin:80 - create IPUIPlugin
2025-05-01 12:56:05,850 [INFO] IPUIPlugin:80 - create IPUIPlugin
2025-05-01 12:56:05,850 [INFO] IPUIPlugin:80 - create IPUIPlugin
2025-05-01 12:56:05,852 [INFO] IPUIPlugin:80 - create IPUIPlugin
2025-05-01 12:56:05,852 [INFO] IPUIPlugin:80 - create IPUIPlugin
2025-05-01 12:56:05,852 [INFO] IPUIPlugin:80 - create IPUIPlugin
2025-05-01 12:56:05,852 [INFO] IPUIPlugin:80 - create IPUIPlugin
2025-05-01 12:56:05,852 [INFO] IPUIPlugin:80 - create IPUIPlugin
2025-05-01 12:56:05,852 [INFO] IPUIPlugin:80 - create IPUIPlugin
2025-05-01 12:56:05,853 [INFO] IPUIPlugin:80 - create IPUIPlugin
2025-05-01 12:56:05,853 [INFO] IPUIPlugin:80 - create IPUIPlugin
2025-05-01 12:56:05,853 [INFO] IPUIPlugin:80 - create IPUIPlugin
2025-05-01 12:56:05,853 [INFO] IPUIPlugin:80 - create IPUIPlugin
2025-05-01 12:56:05,853 [INFO] IPUIPlugin:80 - create IPUIPlugin
2025-05-01 12:56:05,853 [INFO] IPUIPlugin:80 - create IPUIPlugin
2025-05-01 12:56:05,853 [INFO] IPUIPlugin:80 - create IPUIPlugin
2025-05-01 12:56:05,853 [INFO] IPUIPlugin:80 - create IPUIPlugin
2025-05-01 12:56:05,853 [INFO] IPUIPlugin:80 - create IPUIPlugin
2025-05-01 12:56:05,854 [INFO] IPUIPlugin:80 - create IPUIPlugin
2025-05-01 12:56:05,854 [INFO] IPUIPlugin:80 - create IPUIPlugin
2025-05-01 12:56:05,854 [INFO] IPUIPlugin:80 - create IPUIPlugin
2025-05-01 12:56:05,854 [INFO] IPUIPlugin:80 - create IPUIPlugin
2025-05-01 12:56:05,854 [INFO] IPUIPlugin:80 - create IPUIPlugin
2025-05-01 12:56:05,855 [INFO] IPUIPlugin:80 - create IPUIPlugin
2025-05-01 12:56:05,855 [INFO] IPUIPlugin:80 - create IPUIPlugin
2025-05-01 12:56:05,855 [INFO] IPUIPlugin:80 - create IPUIPlugin
2025-05-01 12:56:05,855 [INFO] IPUIPlugin:80 - create IPUIPlugin
2025-05-01 12:56:05,855 [INFO] IPUIPlugin:80 - create IPUIPlugin
2025-05-01 12:56:05,855 [INFO] IPUIPlugin:80 - create IPUIPlugin
2025-05-01 12:56:05,855 [INFO] IPUIPlugin:80 - create IPUIPlugin
2025-05-01 12:56:05,856 [INFO] IPUIPlugin:80 - create IPUIPlugin
2025-05-01 12:56:05,856 [INFO] IPUIPlugin:80 - create IPUIPlugin
2025-05-01 12:56:05,856 [INFO] IPUIPlugin:80 - create IPUIPlugin
2025-05-01 12:56:05,856 [INFO] IPUIPlugin:80 - create IPUIPlugin
2025-05-01 12:56:05,856 [INFO] IPUIPlugin:80 - create IPUIPlugin
2025-05-01 12:56:05,856 [INFO] IPUIPlugin:80 - create IPUIPlugin
2025-05-01 12:56:05,857 [INFO] IPUIPlugin:80 - create IPUIPlugin
2025-05-01 12:56:05,857 [INFO] IPUIPlugin:80 - create IPUIPlugin
2025-05-01 12:56:05,857 [INFO] IPUIPlugin:80 - create IPUIPlugin
2025-05-01 12:56:05,857 [INFO] IPUIPlugin:80 - create IPUIPlugin
2025-05-01 12:56:05,858 [INFO] IPUIPlugin:80 - create IPUIPlugin
2025-05-01 12:56:05,858 [INFO] IPUIPlugin:80 - create IPUIPlugin
2025-05-01 12:56:05,858 [INFO] IPUIPlugin:80 - create IPUIPlugin
2025-05-01 12:56:05,858 [INFO] IPUIPlugin:80 - create IPUIPlugin
2025-05-01 12:56:05,858 [INFO] IPUIPlugin:80 - create IPUIPlugin
2025-05-01 12:56:05,860 [INFO] IPUIPlugin:80 - create IPUIPlugin
2025-05-01 12:56:05,860 [INFO] IPUIPlugin:80 - create IPUIPlugin
2025-05-01 12:56:05,860 [INFO] IPUIPlugin:80 - create IPUIPlugin
2025-05-01 12:56:05,860 [INFO] IPUIPlugin:80 - create IPUIPlugin
2025-05-01 12:56:05,860 [INFO] IPUIPlugin:80 - create IPUIPlugin
2025-05-01 12:56:05,861 [INFO] IPUIPlugin:80 - create IPUIPlugin
2025-05-01 12:56:05,861 [INFO] IPUIPlugin:80 - create IPUIPlugin
2025-05-01 12:56:05,861 [INFO] IPUIPlugin:80 - create IPUIPlugin
2025-05-01 12:56:05,862 [INFO] IPUIPlugin:80 - create IPUIPlugin
2025-05-01 12:56:05,924 [INFO] ApiDbMcu:508 - Load IP Config File for PDM2PCM
2025-05-01 12:56:06,089 [INFO] CADModel:165 - CPN selected for project levelSTM32F429ZIT6
2025-05-01 12:56:06,089 [INFO] CADModel:114 - Register for checkConnection events
2025-05-01 12:56:06,144 [INFO] OpenFileManager:385 - Restore cursor
2025-05-01 12:56:07,295 [INFO] UtilMem:75 - End SaveConfig() Used Memory: 501125320 Bytes (799014912)
2025-05-01 12:57:05,572 [INFO] McuFinderGlobals:76 - Set McuFinderConnectedMode to true
2025-05-01 12:57:05,586 [INFO] ApiDb:448 - Save user favorites file C:\Users\vassc/.stm32cubeide/favorites.mcus.txt: 0 item(s)
2025-05-01 12:57:05,586 [INFO] ApiDb:452 - User favorites MCUs=[]
2025-05-01 12:57:24,734 [INFO] McuFinderGlobals:63 - Set McuFinder mode to 2 (CubeIDE integrated)
2025-05-01 12:57:24,735 [INFO] UserAuth:171 - activating auth plugin
2025-05-01 12:57:24,738 [INFO] UserAuth:484 - Internet connection configuration mode: 1
2025-05-01 13:01:52,846 [INFO] WebApp:652 - userauth.ini deleted or not created
2025-05-01 13:24:04,890 [INFO] Gpio:277 - dependency for GPIO []
2025-05-01 13:25:16,600 [INFO] Gpio:277 - dependency for GPIO []
2025-05-01 13:32:08,845 [INFO] UtilMem:75 - End SaveConfig() Used Memory: 246261736 Bytes (664797184)
2025-05-01 13:32:16,141 [INFO] ServerAccessManage:473 - Download File stm32cube_fw_f4_v1280.zip
2025-05-01 13:34:19,339 [INFO] AnalyticsPlugin:368 - Accepted License(s): [FW.F4.1.28.0]
2025-05-01 13:34:19,343 [INFO] FileExtend:242 - Unzip File : stm32cube_fw_f4_v1280.zip
2025-05-01 13:34:19,344 [INFO] FileExtend:257 - Standard Zip Deflate
2025-05-01 13:34:52,786 [INFO] ServerAccessManage:473 - Download File stm32cube_fw_f4_v1281.zip
2025-05-01 13:35:01,763 [INFO] FileExtend:242 - Unzip File : stm32cube_fw_f4_v1281.zip
2025-05-01 13:35:01,763 [INFO] FileExtend:257 - Standard Zip Deflate
2025-05-01 13:35:25,811 [INFO] LoadServerPackagesThread:196 - End of LoadServerPackages Thread
2025-05-01 13:35:26,074 [INFO] ThirdPartyModel:298 - Start build external matchings
2025-05-01 13:35:26,119 [INFO] UtilMem:75 - End SaveConfig() Used Memory: 250515376 Bytes (1073741824)
2025-05-01 13:35:27,135 [INFO] BlockDiagram:2775 - set Specific Code input for plugin: SYS
2025-05-01 13:35:27,137 [INFO] BlockDiagram:2775 - set Specific Code input for plugin: RCC
2025-05-01 13:35:27,137 [INFO] BlockDiagram:2775 - set Specific Code input for plugin: NVIC
2025-05-01 13:35:27,137 [INFO] BlockDiagram:2775 - set Specific Code input for plugin: USART
2025-05-01 13:35:27,138 [INFO] BlockDiagram:2775 - set Specific Code input for plugin: GPIO
2025-05-01 13:35:27,140 [INFO] CodeGenerator:882 - code generatio: config db path: C:\ST\STM32CubeIDE_1.18.1\STM32CubeIDE\plugins\com.st.stm32cube.common.mx_6.14.1.202504091515\\db\
2025-05-01 13:35:27,523 [INFO] CodeEngine:263 - oldGeneratedFile, D:\CubeIDE_Practice\STM32fun\F429ZIT6_Blink\MXTmpFiles\license.tmp_save
2025-05-01 13:35:28,370 [INFO] CodeEngine:287 - Generated code: D:\CubeIDE_Practice\STM32fun\F429ZIT6_Blink\MXTmpFiles\license.tmp
2025-05-01 13:35:28,475 [INFO] CodeEngine:263 - oldGeneratedFile, D:\CubeIDE_Practice\STM32fun\F429ZIT6_Blink\MXTmpFiles\gpio.tmp_save
2025-05-01 13:35:28,771 [INFO] CodeEngine:287 - Generated code: D:\CubeIDE_Practice\STM32fun\F429ZIT6_Blink\MXTmpFiles\gpio.tmp
2025-05-01 13:35:28,951 [INFO] CodeEngine:263 - oldGeneratedFile, D:\CubeIDE_Practice\STM32fun\F429ZIT6_Blink\Core\Src\stm32f4xx_it.c_save
2025-05-01 13:35:29,227 [INFO] CodeEngine:287 - Generated code: D:\CubeIDE_Practice\STM32fun\F429ZIT6_Blink\Core\Src\stm32f4xx_it.c
2025-05-01 13:35:29,236 [INFO] CodeEngine:263 - oldGeneratedFile, D:\CubeIDE_Practice\STM32fun\F429ZIT6_Blink\Core\Inc\stm32f4xx_it.h_save
2025-05-01 13:35:29,467 [INFO] CodeEngine:287 - Generated code: D:\CubeIDE_Practice\STM32fun\F429ZIT6_Blink\Core\Inc\stm32f4xx_it.h
2025-05-01 13:35:29,488 [INFO] CodeEngine:263 - oldGeneratedFile, D:\CubeIDE_Practice\STM32fun\F429ZIT6_Blink\Core\Src\stm32f4xx_hal_msp.c_save
2025-05-01 13:35:29,703 [INFO] ThirdPartyModel:316 - End build external matchings
2025-05-01 13:35:29,741 [INFO] CheckServerUpdateThread:120 - End of CheckServer Thread
2025-05-01 13:35:29,769 [INFO] CodeEngine:287 - Generated code: D:\CubeIDE_Practice\STM32fun\F429ZIT6_Blink\Core\Src\stm32f4xx_hal_msp.c
2025-05-01 13:35:29,779 [INFO] CodeEngine:263 - oldGeneratedFile, D:\CubeIDE_Practice\STM32fun\F429ZIT6_Blink\MXTmpFiles\system.tmp_save
2025-05-01 13:35:29,949 [INFO] CodeEngine:287 - Generated code: D:\CubeIDE_Practice\STM32fun\F429ZIT6_Blink\MXTmpFiles\system.tmp
2025-05-01 13:35:29,970 [INFO] CodeEngine:319 - oldGeneratedFile, D:\CubeIDE_Practice\STM32fun\F429ZIT6_Blink\Core\Inc\stm32f4xx_hal_conf.h_save
2025-05-01 13:35:30,154 [INFO] CodeEngine:343 - Generated code: D:\CubeIDE_Practice\STM32fun\F429ZIT6_Blink\Core\Inc\stm32f4xx_hal_conf.h
2025-05-01 13:35:30,236 [INFO] ApiDbMcu:508 - Load IP Config File for USART1
2025-05-01 13:35:30,251 [INFO] ApiDbMcu:508 - Load IP Config File for RCC
2025-05-01 13:35:30,269 [INFO] CodeEngine:263 - oldGeneratedFile, D:\CubeIDE_Practice\STM32fun\F429ZIT6_Blink\Core\Inc\main.h_save
2025-05-01 13:35:30,458 [INFO] CodeEngine:287 - Generated code: D:\CubeIDE_Practice\STM32fun\F429ZIT6_Blink\Core\Inc\main.h
2025-05-01 13:35:30,467 [INFO] CodeEngine:263 - oldGeneratedFile, D:\CubeIDE_Practice\STM32fun\F429ZIT6_Blink\Core\Src\main.c_save
2025-05-01 13:35:30,741 [INFO] CodeEngine:287 - Generated code: D:\CubeIDE_Practice\STM32fun\F429ZIT6_Blink\Core\Src\main.c
2025-05-01 13:35:31,529 [INFO] ProjectBuilder:3324 - Time for Copy HAL[1] : 233mS.
2025-05-01 13:35:31,546 [INFO] ProjectBuilder:4912 - Project Generator version: 4.6.0.1-B1
2025-05-01 13:35:31,737 [INFO] ConfigFileManager:1590 - The Die is : DIE419
2025-05-01 13:35:31,748 [INFO] ApiDbMcu:508 - Load IP Config File for FATFS
2025-05-01 13:35:31,758 [INFO] ApiDbMcu:508 - Load IP Config File for FREERTOS
2025-05-01 13:35:31,763 [INFO] ApiDbMcu:508 - Load IP Config File for LIBJPEG
2025-05-01 13:35:31,776 [INFO] ApiDbMcu:508 - Load IP Config File for LWIP
2025-05-01 13:35:31,789 [INFO] ApiDbMcu:508 - Load IP Config File for MBEDTLS
2025-05-01 13:35:31,807 [INFO] ApiDbMcu:508 - Load IP Config File for USB_DEVICE
2025-05-01 13:35:31,816 [INFO] ApiDbMcu:508 - Load IP Config File for USB_HOST
2025-05-01 13:35:32,423 [INFO] LogOutputStream:77 - [STDOUT_REDIRECT] 
2025-05-01 13:35:36,922 [INFO] ProjectBuilder:5191 - Time for Generating toolchain IDE Files: 5376mS.
2025-05-01 13:35:36,924 [INFO] ProjectBuilder:3181 - Time for Copy CMSIS : 1mS.
2025-05-01 13:35:36,927 [INFO] ProjectBuilder:3181 - Time for Copy CMSIS : 0mS.
2025-05-01 14:07:10,883 [INFO] Gpio:277 - dependency for GPIO [RCC, USART1]
2025-05-01 14:21:06,312 [INFO] UtilMem:75 - End SaveConfig() Used Memory: 317953280 Bytes (1063256064)
2025-05-01 14:21:11,133 [INFO] UtilMem:75 - End SaveConfig() Used Memory: 421756928 Bytes (1063256064)
2025-05-01 14:21:11,784 [INFO] BlockDiagram:2775 - set Specific Code input for plugin: SYS
2025-05-01 14:21:11,784 [INFO] BlockDiagram:2775 - set Specific Code input for plugin: RCC
2025-05-01 14:21:11,784 [INFO] BlockDiagram:2775 - set Specific Code input for plugin: NVIC
2025-05-01 14:21:11,786 [INFO] BlockDiagram:2775 - set Specific Code input for plugin: USART
2025-05-01 14:21:11,787 [INFO] BlockDiagram:2775 - set Specific Code input for plugin: GPIO
2025-05-01 14:21:11,788 [INFO] CodeGenerator:882 - code generatio: config db path: C:\ST\STM32CubeIDE_1.18.1\STM32CubeIDE\plugins\com.st.stm32cube.common.mx_6.14.1.202504091515\\db\
2025-05-01 14:21:11,902 [INFO] CodeEngine:263 - oldGeneratedFile, D:\CubeIDE_Practice\STM32fun\F429ZIT6_Blink\MXTmpFiles\license.tmp_save
2025-05-01 14:21:12,136 [INFO] CodeEngine:287 - Generated code: D:\CubeIDE_Practice\STM32fun\F429ZIT6_Blink\MXTmpFiles\license.tmp
2025-05-01 14:21:12,151 [INFO] CodeEngine:263 - oldGeneratedFile, D:\CubeIDE_Practice\STM32fun\F429ZIT6_Blink\MXTmpFiles\gpio.tmp_save
2025-05-01 14:21:12,285 [INFO] CodeEngine:287 - Generated code: D:\CubeIDE_Practice\STM32fun\F429ZIT6_Blink\MXTmpFiles\gpio.tmp
2025-05-01 14:21:12,325 [INFO] CodeEngine:263 - oldGeneratedFile, D:\CubeIDE_Practice\STM32fun\F429ZIT6_Blink\Core\Src\stm32f4xx_it.c_save
2025-05-01 14:21:12,617 [INFO] CodeEngine:287 - Generated code: D:\CubeIDE_Practice\STM32fun\F429ZIT6_Blink\Core\Src\stm32f4xx_it.c
2025-05-01 14:21:12,623 [INFO] CodeEngine:263 - oldGeneratedFile, D:\CubeIDE_Practice\STM32fun\F429ZIT6_Blink\Core\Inc\stm32f4xx_it.h_save
2025-05-01 14:21:12,705 [INFO] CodeEngine:287 - Generated code: D:\CubeIDE_Practice\STM32fun\F429ZIT6_Blink\Core\Inc\stm32f4xx_it.h
2025-05-01 14:21:12,722 [INFO] CodeEngine:263 - oldGeneratedFile, D:\CubeIDE_Practice\STM32fun\F429ZIT6_Blink\Core\Src\stm32f4xx_hal_msp.c_save
2025-05-01 14:21:12,873 [INFO] CodeEngine:287 - Generated code: D:\CubeIDE_Practice\STM32fun\F429ZIT6_Blink\Core\Src\stm32f4xx_hal_msp.c
2025-05-01 14:21:12,879 [INFO] CodeEngine:263 - oldGeneratedFile, D:\CubeIDE_Practice\STM32fun\F429ZIT6_Blink\MXTmpFiles\system.tmp_save
2025-05-01 14:21:12,951 [INFO] CodeEngine:287 - Generated code: D:\CubeIDE_Practice\STM32fun\F429ZIT6_Blink\MXTmpFiles\system.tmp
2025-05-01 14:21:12,965 [INFO] CodeEngine:319 - oldGeneratedFile, D:\CubeIDE_Practice\STM32fun\F429ZIT6_Blink\Core\Inc\stm32f4xx_hal_conf.h_save
2025-05-01 14:21:13,041 [INFO] CodeEngine:343 - Generated code: D:\CubeIDE_Practice\STM32fun\F429ZIT6_Blink\Core\Inc\stm32f4xx_hal_conf.h
2025-05-01 14:21:13,073 [INFO] CodeEngine:263 - oldGeneratedFile, D:\CubeIDE_Practice\STM32fun\F429ZIT6_Blink\Core\Inc\main.h_save
2025-05-01 14:21:13,186 [INFO] CodeEngine:287 - Generated code: D:\CubeIDE_Practice\STM32fun\F429ZIT6_Blink\Core\Inc\main.h
2025-05-01 14:21:13,195 [INFO] CodeEngine:263 - oldGeneratedFile, D:\CubeIDE_Practice\STM32fun\F429ZIT6_Blink\Core\Src\main.c_save
2025-05-01 14:21:13,330 [INFO] CodeEngine:287 - Generated code: D:\CubeIDE_Practice\STM32fun\F429ZIT6_Blink\Core\Src\main.c
2025-05-01 14:21:13,748 [INFO] ProjectBuilder:3324 - Time for Copy HAL[1] : 203mS.
2025-05-01 14:21:13,752 [INFO] ProjectBuilder:4912 - Project Generator version: 4.6.0.1-B1
2025-05-01 14:21:13,855 [INFO] ConfigFileManager:1590 - The Die is : DIE419
2025-05-01 14:21:15,228 [INFO] ProjectBuilder:5191 - Time for Generating toolchain IDE Files: 1476mS.
2025-05-01 14:21:15,229 [INFO] ProjectBuilder:3181 - Time for Copy CMSIS : 0mS.
2025-05-01 14:21:15,231 [INFO] ProjectBuilder:3181 - Time for Copy CMSIS : 0mS.
2025-05-01 14:22:25,561 [INFO] NvicIntPanel:101 - NVIC parent = com.st.microxplorer.plugins.ip.nvic.MultiNvicIntPanel[,0,0,0x0,invalid,layout=javax.swing.BoxLayout,alignmentX=0.0,alignmentY=0.0,border=,flags=9,maximumSize=,minimumSize=,preferredSize=]
2025-05-01 14:22:25,720 [ERROR] LogOutputStream:75 - [STDERR_REDIRECT] Exception in thread "AWT-EventQueue-0" java.awt.IllegalComponentStateException: component must be showing on the screen to determine its location
2025-05-01 14:22:25,722 [ERROR] LogOutputStream:75 - [STDERR_REDIRECT] 	at java.desktop/java.awt.Component.getLocationOnScreen_NoTreeLock(Component.java:2113)
2025-05-01 14:22:25,722 [ERROR] LogOutputStream:75 - [STDERR_REDIRECT] 	at java.desktop/java.awt.Component.getLocationOnScreen(Component.java:2087)
2025-05-01 14:22:25,723 [ERROR] LogOutputStream:75 - [STDERR_REDIRECT] 	at java.desktop/javax.swing.JPopupMenu.show(JPopupMenu.java:982)
2025-05-01 14:22:25,724 [ERROR] LogOutputStream:75 - [STDERR_REDIRECT] 	at java.desktop/javax.swing.plaf.basic.BasicComboPopup.show(BasicComboPopup.java:235)
2025-05-01 14:22:25,726 [ERROR] LogOutputStream:75 - [STDERR_REDIRECT] 	at java.desktop/javax.swing.plaf.basic.BasicComboPopup.togglePopup(BasicComboPopup.java:1265)
2025-05-01 14:22:25,729 [ERROR] LogOutputStream:75 - [STDERR_REDIRECT] 	at java.desktop/javax.swing.plaf.basic.BasicComboPopup$Handler.mousePressed(BasicComboPopup.java:936)
2025-05-01 14:22:25,730 [ERROR] LogOutputStream:75 - [STDERR_REDIRECT] 	at java.desktop/java.awt.Component.processMouseEvent(Component.java:6618)
2025-05-01 14:22:25,731 [ERROR] LogOutputStream:75 - [STDERR_REDIRECT] 	at java.desktop/javax.swing.JComponent.processMouseEvent(JComponent.java:3398)
2025-05-01 14:22:25,733 [ERROR] LogOutputStream:75 - [STDERR_REDIRECT] 	at java.desktop/java.awt.Component.processEvent(Component.java:6386)
2025-05-01 14:22:25,734 [ERROR] LogOutputStream:75 - [STDERR_REDIRECT] 	at java.desktop/java.awt.Container.processEvent(Container.java:2266)
2025-05-01 14:22:25,735 [ERROR] LogOutputStream:75 - [STDERR_REDIRECT] 	at java.desktop/java.awt.Component.dispatchEventImpl(Component.java:4996)
2025-05-01 14:22:25,736 [ERROR] LogOutputStream:75 - [STDERR_REDIRECT] 	at java.desktop/java.awt.Container.dispatchEventImpl(Container.java:2324)
2025-05-01 14:22:25,738 [ERROR] LogOutputStream:75 - [STDERR_REDIRECT] 	at java.desktop/java.awt.Component.dispatchEvent(Component.java:4828)
2025-05-01 14:22:25,739 [ERROR] LogOutputStream:75 - [STDERR_REDIRECT] 	at java.desktop/javax.swing.plaf.basic.BasicTableUI$Handler.repostEvent(BasicTableUI.java:978)
2025-05-01 14:22:25,742 [ERROR] LogOutputStream:75 - [STDERR_REDIRECT] 	at java.desktop/javax.swing.plaf.basic.BasicTableUI$Handler.adjustSelection(BasicTableUI.java:1140)
2025-05-01 14:22:25,743 [ERROR] LogOutputStream:75 - [STDERR_REDIRECT] 	at java.desktop/javax.swing.plaf.basic.BasicTableUI$Handler.mousePressed(BasicTableUI.java:1068)
2025-05-01 14:22:25,744 [ERROR] LogOutputStream:75 - [STDERR_REDIRECT] 	at java.desktop/java.awt.AWTEventMulticaster.mousePressed(AWTEventMulticaster.java:288)
2025-05-01 14:22:25,745 [ERROR] LogOutputStream:75 - [STDERR_REDIRECT] 	at java.desktop/java.awt.AWTEventMulticaster.mousePressed(AWTEventMulticaster.java:287)
2025-05-01 14:22:25,745 [ERROR] LogOutputStream:75 - [STDERR_REDIRECT] 	at java.desktop/java.awt.AWTEventMulticaster.mousePressed(AWTEventMulticaster.java:287)
2025-05-01 14:22:25,746 [ERROR] LogOutputStream:75 - [STDERR_REDIRECT] 	at java.desktop/java.awt.AWTEventMulticaster.mousePressed(AWTEventMulticaster.java:287)
2025-05-01 14:22:25,748 [ERROR] LogOutputStream:75 - [STDERR_REDIRECT] 	at java.desktop/java.awt.Component.processMouseEvent(Component.java:6618)
2025-05-01 14:22:25,749 [ERROR] LogOutputStream:75 - [STDERR_REDIRECT] 	at java.desktop/javax.swing.JComponent.processMouseEvent(JComponent.java:3398)
2025-05-01 14:22:25,750 [ERROR] LogOutputStream:75 - [STDERR_REDIRECT] 	at java.desktop/java.awt.Component.processEvent(Component.java:6386)
2025-05-01 14:22:25,751 [ERROR] LogOutputStream:75 - [STDERR_REDIRECT] 	at java.desktop/java.awt.Container.processEvent(Container.java:2266)
2025-05-01 14:22:25,752 [ERROR] LogOutputStream:75 - [STDERR_REDIRECT] 	at java.desktop/java.awt.Component.dispatchEventImpl(Component.java:4996)
2025-05-01 14:22:25,753 [ERROR] LogOutputStream:75 - [STDERR_REDIRECT] 	at java.desktop/java.awt.Container.dispatchEventImpl(Container.java:2324)
2025-05-01 14:22:25,754 [ERROR] LogOutputStream:75 - [STDERR_REDIRECT] 	at java.desktop/java.awt.Component.dispatchEvent(Component.java:4828)
2025-05-01 14:22:25,755 [ERROR] LogOutputStream:75 - [STDERR_REDIRECT] 	at java.desktop/java.awt.LightweightDispatcher.retargetMouseEvent(Container.java:4948)
2025-05-01 14:22:25,756 [ERROR] LogOutputStream:75 - [STDERR_REDIRECT] 	at java.desktop/java.awt.LightweightDispatcher.processMouseEvent(Container.java:4572)
2025-05-01 14:22:25,757 [ERROR] LogOutputStream:75 - [STDERR_REDIRECT] 	at java.desktop/java.awt.LightweightDispatcher.dispatchEvent(Container.java:4516)
2025-05-01 14:22:25,759 [ERROR] LogOutputStream:75 - [STDERR_REDIRECT] 	at java.desktop/java.awt.Container.dispatchEventImpl(Container.java:2310)
2025-05-01 14:22:25,759 [ERROR] LogOutputStream:75 - [STDERR_REDIRECT] 	at java.desktop/java.awt.Component.dispatchEvent(Component.java:4828)
2025-05-01 14:22:25,761 [ERROR] LogOutputStream:75 - [STDERR_REDIRECT] 	at java.desktop/java.awt.EventQueue.dispatchEventImpl(EventQueue.java:775)
2025-05-01 14:22:25,762 [ERROR] LogOutputStream:75 - [STDERR_REDIRECT] 	at java.desktop/java.awt.EventQueue$4.run(EventQueue.java:720)
2025-05-01 14:22:25,763 [ERROR] LogOutputStream:75 - [STDERR_REDIRECT] 	at java.desktop/java.awt.EventQueue$4.run(EventQueue.java:714)
2025-05-01 14:22:25,764 [ERROR] LogOutputStream:75 - [STDERR_REDIRECT] 	at java.base/java.security.AccessController.doPrivileged(AccessController.java:400)
2025-05-01 14:22:25,766 [ERROR] LogOutputStream:75 - [STDERR_REDIRECT] 	at java.base/java.security.ProtectionDomain$JavaSecurityAccessImpl.doIntersectionPrivilege(ProtectionDomain.java:87)
2025-05-01 14:22:25,767 [ERROR] LogOutputStream:75 - [STDERR_REDIRECT] 	at java.base/java.security.ProtectionDomain$JavaSecurityAccessImpl.doIntersectionPrivilege(ProtectionDomain.java:98)
2025-05-01 14:22:25,768 [ERROR] LogOutputStream:75 - [STDERR_REDIRECT] 	at java.desktop/java.awt.EventQueue$5.run(EventQueue.java:747)
2025-05-01 14:22:25,769 [ERROR] LogOutputStream:75 - [STDERR_REDIRECT] 	at java.desktop/java.awt.EventQueue$5.run(EventQueue.java:745)
2025-05-01 14:22:25,769 [ERROR] LogOutputStream:75 - [STDERR_REDIRECT] 	at java.base/java.security.AccessController.doPrivileged(AccessController.java:400)
2025-05-01 14:22:25,772 [ERROR] LogOutputStream:75 - [STDERR_REDIRECT] 	at java.base/java.security.ProtectionDomain$JavaSecurityAccessImpl.doIntersectionPrivilege(ProtectionDomain.java:87)
2025-05-01 14:22:25,773 [ERROR] LogOutputStream:75 - [STDERR_REDIRECT] 	at java.desktop/java.awt.EventQueue.dispatchEvent(EventQueue.java:744)
2025-05-01 14:22:25,774 [ERROR] LogOutputStream:75 - [STDERR_REDIRECT] 	at java.desktop/java.awt.EventDispatchThread.pumpOneEventForFilters(EventDispatchThread.java:203)
2025-05-01 14:22:25,775 [ERROR] LogOutputStream:75 - [STDERR_REDIRECT] 	at java.desktop/java.awt.EventDispatchThread.pumpEventsForFilter(EventDispatchThread.java:124)
2025-05-01 14:22:25,776 [ERROR] LogOutputStream:75 - [STDERR_REDIRECT] 	at java.desktop/java.awt.EventDispatchThread.pumpEventsForHierarchy(EventDispatchThread.java:113)
2025-05-01 14:22:25,777 [ERROR] LogOutputStream:75 - [STDERR_REDIRECT] 	at java.desktop/java.awt.EventDispatchThread.pumpEvents(EventDispatchThread.java:109)
2025-05-01 14:22:25,778 [ERROR] LogOutputStream:75 - [STDERR_REDIRECT] 	at java.desktop/java.awt.EventDispatchThread.pumpEvents(EventDispatchThread.java:101)
2025-05-01 14:22:25,780 [ERROR] LogOutputStream:75 - [STDERR_REDIRECT] 	at java.desktop/java.awt.EventDispatchThread.run(EventDispatchThread.java:90)
2025-05-01 14:22:39,465 [INFO] Gpio:277 - dependency for GPIO [RCC, SYS, USART1]
2025-05-01 14:22:48,395 [INFO] UtilMem:75 - End SaveConfig() Used Memory: 532292128 Bytes (951058432)
2025-05-01 14:22:49,150 [INFO] UtilMem:75 - End SaveConfig() Used Memory: 606218784 Bytes (951058432)
2025-05-01 14:22:49,508 [INFO] BlockDiagram:2775 - set Specific Code input for plugin: SYS
2025-05-01 14:22:49,508 [INFO] BlockDiagram:2775 - set Specific Code input for plugin: RCC
2025-05-01 14:22:49,508 [INFO] BlockDiagram:2775 - set Specific Code input for plugin: NVIC
2025-05-01 14:22:49,508 [INFO] BlockDiagram:2775 - set Specific Code input for plugin: USART
2025-05-01 14:22:49,508 [INFO] BlockDiagram:2775 - set Specific Code input for plugin: GPIO
2025-05-01 14:22:49,510 [INFO] CodeGenerator:882 - code generatio: config db path: C:\ST\STM32CubeIDE_1.18.1\STM32CubeIDE\plugins\com.st.stm32cube.common.mx_6.14.1.202504091515\\db\
2025-05-01 14:22:49,621 [INFO] CodeEngine:263 - oldGeneratedFile, D:\CubeIDE_Practice\STM32fun\F429ZIT6_Blink\MXTmpFiles\license.tmp_save
2025-05-01 14:22:49,678 [INFO] CodeEngine:287 - Generated code: D:\CubeIDE_Practice\STM32fun\F429ZIT6_Blink\MXTmpFiles\license.tmp
2025-05-01 14:22:49,691 [INFO] CodeEngine:263 - oldGeneratedFile, D:\CubeIDE_Practice\STM32fun\F429ZIT6_Blink\MXTmpFiles\gpio.tmp_save
2025-05-01 14:22:49,752 [INFO] CodeEngine:287 - Generated code: D:\CubeIDE_Practice\STM32fun\F429ZIT6_Blink\MXTmpFiles\gpio.tmp
2025-05-01 14:22:49,781 [INFO] CodeEngine:263 - oldGeneratedFile, D:\CubeIDE_Practice\STM32fun\F429ZIT6_Blink\Core\Src\stm32f4xx_it.c_save
2025-05-01 14:22:49,838 [INFO] CodeEngine:287 - Generated code: D:\CubeIDE_Practice\STM32fun\F429ZIT6_Blink\Core\Src\stm32f4xx_it.c
2025-05-01 14:22:49,842 [INFO] CodeEngine:263 - oldGeneratedFile, D:\CubeIDE_Practice\STM32fun\F429ZIT6_Blink\Core\Inc\stm32f4xx_it.h_save
2025-05-01 14:22:49,900 [INFO] CodeEngine:287 - Generated code: D:\CubeIDE_Practice\STM32fun\F429ZIT6_Blink\Core\Inc\stm32f4xx_it.h
2025-05-01 14:22:49,910 [INFO] CodeEngine:263 - oldGeneratedFile, D:\CubeIDE_Practice\STM32fun\F429ZIT6_Blink\Core\Src\stm32f4xx_hal_msp.c_save
2025-05-01 14:22:49,989 [INFO] CodeEngine:287 - Generated code: D:\CubeIDE_Practice\STM32fun\F429ZIT6_Blink\Core\Src\stm32f4xx_hal_msp.c
2025-05-01 14:22:49,991 [INFO] CodeEngine:263 - oldGeneratedFile, D:\CubeIDE_Practice\STM32fun\F429ZIT6_Blink\MXTmpFiles\system.tmp_save
2025-05-01 14:22:50,041 [INFO] CodeEngine:287 - Generated code: D:\CubeIDE_Practice\STM32fun\F429ZIT6_Blink\MXTmpFiles\system.tmp
2025-05-01 14:22:50,049 [INFO] CodeEngine:319 - oldGeneratedFile, D:\CubeIDE_Practice\STM32fun\F429ZIT6_Blink\Core\Inc\stm32f4xx_hal_conf.h_save
2025-05-01 14:22:50,107 [INFO] CodeEngine:343 - Generated code: D:\CubeIDE_Practice\STM32fun\F429ZIT6_Blink\Core\Inc\stm32f4xx_hal_conf.h
2025-05-01 14:22:50,131 [INFO] CodeEngine:263 - oldGeneratedFile, D:\CubeIDE_Practice\STM32fun\F429ZIT6_Blink\Core\Inc\main.h_save
2025-05-01 14:22:50,205 [INFO] CodeEngine:287 - Generated code: D:\CubeIDE_Practice\STM32fun\F429ZIT6_Blink\Core\Inc\main.h
2025-05-01 14:22:50,210 [INFO] CodeEngine:263 - oldGeneratedFile, D:\CubeIDE_Practice\STM32fun\F429ZIT6_Blink\Core\Src\main.c_save
2025-05-01 14:22:50,301 [INFO] CodeEngine:287 - Generated code: D:\CubeIDE_Practice\STM32fun\F429ZIT6_Blink\Core\Src\main.c
2025-05-01 14:22:50,602 [INFO] ProjectBuilder:3324 - Time for Copy HAL[1] : 133mS.
2025-05-01 14:22:50,605 [INFO] ProjectBuilder:4912 - Project Generator version: 4.6.0.1-B1
2025-05-01 14:22:50,735 [INFO] ConfigFileManager:1590 - The Die is : DIE419
2025-05-01 14:22:51,534 [INFO] ProjectBuilder:5191 - Time for Generating toolchain IDE Files: 929mS.
2025-05-01 14:22:51,535 [INFO] ProjectBuilder:3181 - Time for Copy CMSIS : 0mS.
2025-05-01 14:22:51,537 [INFO] ProjectBuilder:3181 - Time for Copy CMSIS : 0mS.
2025-05-01 14:28:58,120 [INFO] Gpio:277 - dependency for GPIO [RCC, SYS, USART1]
2025-05-01 14:33:33,349 [INFO] UtilMem:75 - End SaveConfig() Used Memory: 801996504 Bytes (951058432)
2025-05-01 14:33:33,682 [INFO] BlockDiagram:2775 - set Specific Code input for plugin: SYS
2025-05-01 14:33:33,682 [INFO] BlockDiagram:2775 - set Specific Code input for plugin: RCC
2025-05-01 14:33:33,682 [INFO] BlockDiagram:2775 - set Specific Code input for plugin: NVIC
2025-05-01 14:33:33,682 [INFO] BlockDiagram:2775 - set Specific Code input for plugin: USART
2025-05-01 14:33:33,682 [INFO] BlockDiagram:2775 - set Specific Code input for plugin: GPIO
2025-05-01 14:33:33,683 [INFO] CodeGenerator:882 - code generatio: config db path: C:\ST\STM32CubeIDE_1.18.1\STM32CubeIDE\plugins\com.st.stm32cube.common.mx_6.14.1.202504091515\\db\
2025-05-01 14:33:33,792 [INFO] CodeEngine:263 - oldGeneratedFile, D:\CubeIDE_Practice\STM32fun\F429ZIT6_Blink\MXTmpFiles\license.tmp_save
2025-05-01 14:33:33,851 [INFO] CodeEngine:287 - Generated code: D:\CubeIDE_Practice\STM32fun\F429ZIT6_Blink\MXTmpFiles\license.tmp
2025-05-01 14:33:33,863 [INFO] CodeEngine:263 - oldGeneratedFile, D:\CubeIDE_Practice\STM32fun\F429ZIT6_Blink\MXTmpFiles\gpio.tmp_save
2025-05-01 14:33:33,950 [INFO] CodeEngine:287 - Generated code: D:\CubeIDE_Practice\STM32fun\F429ZIT6_Blink\MXTmpFiles\gpio.tmp
2025-05-01 14:33:33,973 [INFO] CodeEngine:263 - oldGeneratedFile, D:\CubeIDE_Practice\STM32fun\F429ZIT6_Blink\Core\Src\stm32f4xx_it.c_save
2025-05-01 14:33:34,024 [INFO] CodeEngine:287 - Generated code: D:\CubeIDE_Practice\STM32fun\F429ZIT6_Blink\Core\Src\stm32f4xx_it.c
2025-05-01 14:33:34,027 [INFO] CodeEngine:263 - oldGeneratedFile, D:\CubeIDE_Practice\STM32fun\F429ZIT6_Blink\Core\Inc\stm32f4xx_it.h_save
2025-05-01 14:33:34,073 [INFO] CodeEngine:287 - Generated code: D:\CubeIDE_Practice\STM32fun\F429ZIT6_Blink\Core\Inc\stm32f4xx_it.h
2025-05-01 14:33:34,082 [INFO] CodeEngine:263 - oldGeneratedFile, D:\CubeIDE_Practice\STM32fun\F429ZIT6_Blink\Core\Src\stm32f4xx_hal_msp.c_save
2025-05-01 14:33:34,155 [INFO] CodeEngine:287 - Generated code: D:\CubeIDE_Practice\STM32fun\F429ZIT6_Blink\Core\Src\stm32f4xx_hal_msp.c
2025-05-01 14:33:34,158 [INFO] CodeEngine:263 - oldGeneratedFile, D:\CubeIDE_Practice\STM32fun\F429ZIT6_Blink\MXTmpFiles\system.tmp_save
2025-05-01 14:33:34,202 [INFO] CodeEngine:287 - Generated code: D:\CubeIDE_Practice\STM32fun\F429ZIT6_Blink\MXTmpFiles\system.tmp
2025-05-01 14:33:34,210 [INFO] CodeEngine:319 - oldGeneratedFile, D:\CubeIDE_Practice\STM32fun\F429ZIT6_Blink\Core\Inc\stm32f4xx_hal_conf.h_save
2025-05-01 14:33:34,265 [INFO] CodeEngine:343 - Generated code: D:\CubeIDE_Practice\STM32fun\F429ZIT6_Blink\Core\Inc\stm32f4xx_hal_conf.h
2025-05-01 14:33:34,282 [INFO] CodeEngine:263 - oldGeneratedFile, D:\CubeIDE_Practice\STM32fun\F429ZIT6_Blink\Core\Inc\main.h_save
2025-05-01 14:33:34,335 [INFO] CodeEngine:287 - Generated code: D:\CubeIDE_Practice\STM32fun\F429ZIT6_Blink\Core\Inc\main.h
2025-05-01 14:33:34,340 [INFO] CodeEngine:263 - oldGeneratedFile, D:\CubeIDE_Practice\STM32fun\F429ZIT6_Blink\Core\Src\main.c_save
2025-05-01 14:33:34,418 [INFO] CodeEngine:287 - Generated code: D:\CubeIDE_Practice\STM32fun\F429ZIT6_Blink\Core\Src\main.c
2025-05-01 14:33:34,706 [INFO] ProjectBuilder:3324 - Time for Copy HAL[1] : 126mS.
2025-05-01 14:33:34,708 [INFO] ProjectBuilder:4912 - Project Generator version: 4.6.0.1-B1
2025-05-01 14:33:34,780 [INFO] ConfigFileManager:1590 - The Die is : DIE419
2025-05-01 14:33:35,463 [INFO] ProjectBuilder:5191 - Time for Generating toolchain IDE Files: 755mS.
2025-05-01 14:33:35,464 [INFO] ProjectBuilder:3181 - Time for Copy CMSIS : 0mS.
2025-05-01 14:33:35,465 [INFO] ProjectBuilder:3181 - Time for Copy CMSIS : 0mS.
2025-05-01 14:36:02,337 [INFO] NvicIntPanel:101 - NVIC parent = com.st.microxplorer.plugins.ip.nvic.MultiNvicIntPanel[,0,0,0x0,invalid,layout=javax.swing.BoxLayout,alignmentX=0.0,alignmentY=0.0,border=,flags=9,maximumSize=,minimumSize=,preferredSize=]
2025-05-01 14:36:16,811 [INFO] NvicIntPanel:101 - NVIC parent = com.st.microxplorer.plugins.ip.nvic.MultiNvicIntPanel[,0,0,0x0,invalid,layout=javax.swing.BoxLayout,alignmentX=0.0,alignmentY=0.0,border=,flags=9,maximumSize=,minimumSize=,preferredSize=]
2025-05-01 14:36:22,688 [INFO] UtilMem:75 - End SaveConfig() Used Memory: 325912696 Bytes (951058432)
2025-05-01 14:36:23,459 [INFO] UtilMem:75 - End SaveConfig() Used Memory: 417138808 Bytes (951058432)
2025-05-01 14:36:23,835 [INFO] BlockDiagram:2775 - set Specific Code input for plugin: SYS
2025-05-01 14:36:23,837 [INFO] BlockDiagram:2775 - set Specific Code input for plugin: RCC
2025-05-01 14:36:23,837 [INFO] BlockDiagram:2775 - set Specific Code input for plugin: NVIC
2025-05-01 14:36:23,837 [INFO] BlockDiagram:2775 - set Specific Code input for plugin: USART
2025-05-01 14:36:23,838 [INFO] BlockDiagram:2775 - set Specific Code input for plugin: GPIO
2025-05-01 14:36:23,839 [INFO] CodeGenerator:882 - code generatio: config db path: C:\ST\STM32CubeIDE_1.18.1\STM32CubeIDE\plugins\com.st.stm32cube.common.mx_6.14.1.202504091515\\db\
2025-05-01 14:36:23,928 [INFO] CodeEngine:263 - oldGeneratedFile, D:\CubeIDE_Practice\STM32fun\F429ZIT6_Blink\MXTmpFiles\license.tmp_save
2025-05-01 14:36:23,982 [INFO] CodeEngine:287 - Generated code: D:\CubeIDE_Practice\STM32fun\F429ZIT6_Blink\MXTmpFiles\license.tmp
2025-05-01 14:36:23,992 [INFO] CodeEngine:263 - oldGeneratedFile, D:\CubeIDE_Practice\STM32fun\F429ZIT6_Blink\MXTmpFiles\gpio.tmp_save
2025-05-01 14:36:24,041 [INFO] CodeEngine:287 - Generated code: D:\CubeIDE_Practice\STM32fun\F429ZIT6_Blink\MXTmpFiles\gpio.tmp
2025-05-01 14:36:24,061 [INFO] CodeEngine:263 - oldGeneratedFile, D:\CubeIDE_Practice\STM32fun\F429ZIT6_Blink\Core\Src\stm32f4xx_it.c_save
2025-05-01 14:36:24,118 [INFO] CodeEngine:287 - Generated code: D:\CubeIDE_Practice\STM32fun\F429ZIT6_Blink\Core\Src\stm32f4xx_it.c
2025-05-01 14:36:24,122 [INFO] CodeEngine:263 - oldGeneratedFile, D:\CubeIDE_Practice\STM32fun\F429ZIT6_Blink\Core\Inc\stm32f4xx_it.h_save
2025-05-01 14:36:24,171 [INFO] CodeEngine:287 - Generated code: D:\CubeIDE_Practice\STM32fun\F429ZIT6_Blink\Core\Inc\stm32f4xx_it.h
2025-05-01 14:36:24,181 [INFO] CodeEngine:263 - oldGeneratedFile, D:\CubeIDE_Practice\STM32fun\F429ZIT6_Blink\Core\Src\stm32f4xx_hal_msp.c_save
2025-05-01 14:36:24,260 [INFO] CodeEngine:287 - Generated code: D:\CubeIDE_Practice\STM32fun\F429ZIT6_Blink\Core\Src\stm32f4xx_hal_msp.c
2025-05-01 14:36:24,263 [INFO] CodeEngine:263 - oldGeneratedFile, D:\CubeIDE_Practice\STM32fun\F429ZIT6_Blink\MXTmpFiles\system.tmp_save
2025-05-01 14:36:24,312 [INFO] CodeEngine:287 - Generated code: D:\CubeIDE_Practice\STM32fun\F429ZIT6_Blink\MXTmpFiles\system.tmp
2025-05-01 14:36:24,320 [INFO] CodeEngine:319 - oldGeneratedFile, D:\CubeIDE_Practice\STM32fun\F429ZIT6_Blink\Core\Inc\stm32f4xx_hal_conf.h_save
2025-05-01 14:36:24,382 [INFO] CodeEngine:343 - Generated code: D:\CubeIDE_Practice\STM32fun\F429ZIT6_Blink\Core\Inc\stm32f4xx_hal_conf.h
2025-05-01 14:36:24,402 [INFO] CodeEngine:263 - oldGeneratedFile, D:\CubeIDE_Practice\STM32fun\F429ZIT6_Blink\Core\Inc\main.h_save
2025-05-01 14:36:24,454 [INFO] CodeEngine:287 - Generated code: D:\CubeIDE_Practice\STM32fun\F429ZIT6_Blink\Core\Inc\main.h
2025-05-01 14:36:24,459 [INFO] CodeEngine:263 - oldGeneratedFile, D:\CubeIDE_Practice\STM32fun\F429ZIT6_Blink\Core\Src\main.c_save
2025-05-01 14:36:24,538 [INFO] CodeEngine:287 - Generated code: D:\CubeIDE_Practice\STM32fun\F429ZIT6_Blink\Core\Src\main.c
2025-05-01 14:36:24,823 [INFO] ProjectBuilder:3324 - Time for Copy HAL[1] : 134mS.
2025-05-01 14:36:24,826 [INFO] ProjectBuilder:4912 - Project Generator version: 4.6.0.1-B1
2025-05-01 14:36:24,915 [INFO] ConfigFileManager:1590 - The Die is : DIE419
2025-05-01 14:36:25,595 [INFO] ProjectBuilder:5191 - Time for Generating toolchain IDE Files: 768mS.
2025-05-01 14:36:25,595 [INFO] ProjectBuilder:3181 - Time for Copy CMSIS : 0mS.
2025-05-01 14:36:25,597 [INFO] ProjectBuilder:3181 - Time for Copy CMSIS : 0mS.
2025-05-01 14:43:28,041 [INFO] UtilMem:75 - End SaveConfig() Used Memory: 410471632 Bytes (951058432)
2025-05-01 14:43:28,355 [INFO] BlockDiagram:2775 - set Specific Code input for plugin: SYS
2025-05-01 14:43:28,355 [INFO] BlockDiagram:2775 - set Specific Code input for plugin: RCC
2025-05-01 14:43:28,355 [INFO] BlockDiagram:2775 - set Specific Code input for plugin: NVIC
2025-05-01 14:43:28,355 [INFO] BlockDiagram:2775 - set Specific Code input for plugin: USART
2025-05-01 14:43:28,357 [INFO] BlockDiagram:2775 - set Specific Code input for plugin: GPIO
2025-05-01 14:43:28,358 [INFO] CodeGenerator:882 - code generatio: config db path: C:\ST\STM32CubeIDE_1.18.1\STM32CubeIDE\plugins\com.st.stm32cube.common.mx_6.14.1.202504091515\\db\
2025-05-01 14:43:28,450 [INFO] CodeEngine:263 - oldGeneratedFile, D:\CubeIDE_Practice\STM32fun\F429ZIT6_Blink\MXTmpFiles\license.tmp_save
2025-05-01 14:43:28,500 [INFO] CodeEngine:287 - Generated code: D:\CubeIDE_Practice\STM32fun\F429ZIT6_Blink\MXTmpFiles\license.tmp
2025-05-01 14:43:28,509 [INFO] CodeEngine:263 - oldGeneratedFile, D:\CubeIDE_Practice\STM32fun\F429ZIT6_Blink\MXTmpFiles\gpio.tmp_save
2025-05-01 14:43:28,561 [INFO] CodeEngine:287 - Generated code: D:\CubeIDE_Practice\STM32fun\F429ZIT6_Blink\MXTmpFiles\gpio.tmp
2025-05-01 14:43:28,585 [INFO] CodeEngine:263 - oldGeneratedFile, D:\CubeIDE_Practice\STM32fun\F429ZIT6_Blink\Core\Src\stm32f4xx_it.c_save
2025-05-01 14:43:28,636 [INFO] CodeEngine:287 - Generated code: D:\CubeIDE_Practice\STM32fun\F429ZIT6_Blink\Core\Src\stm32f4xx_it.c
2025-05-01 14:43:28,640 [INFO] CodeEngine:263 - oldGeneratedFile, D:\CubeIDE_Practice\STM32fun\F429ZIT6_Blink\Core\Inc\stm32f4xx_it.h_save
2025-05-01 14:43:28,691 [INFO] CodeEngine:287 - Generated code: D:\CubeIDE_Practice\STM32fun\F429ZIT6_Blink\Core\Inc\stm32f4xx_it.h
2025-05-01 14:43:28,700 [INFO] CodeEngine:263 - oldGeneratedFile, D:\CubeIDE_Practice\STM32fun\F429ZIT6_Blink\Core\Src\stm32f4xx_hal_msp.c_save
2025-05-01 14:43:28,764 [INFO] CodeEngine:287 - Generated code: D:\CubeIDE_Practice\STM32fun\F429ZIT6_Blink\Core\Src\stm32f4xx_hal_msp.c
2025-05-01 14:43:28,767 [INFO] CodeEngine:263 - oldGeneratedFile, D:\CubeIDE_Practice\STM32fun\F429ZIT6_Blink\MXTmpFiles\system.tmp_save
2025-05-01 14:43:28,818 [INFO] CodeEngine:287 - Generated code: D:\CubeIDE_Practice\STM32fun\F429ZIT6_Blink\MXTmpFiles\system.tmp
2025-05-01 14:43:28,827 [INFO] CodeEngine:319 - oldGeneratedFile, D:\CubeIDE_Practice\STM32fun\F429ZIT6_Blink\Core\Inc\stm32f4xx_hal_conf.h_save
2025-05-01 14:43:28,891 [INFO] CodeEngine:343 - Generated code: D:\CubeIDE_Practice\STM32fun\F429ZIT6_Blink\Core\Inc\stm32f4xx_hal_conf.h
2025-05-01 14:43:28,907 [INFO] CodeEngine:263 - oldGeneratedFile, D:\CubeIDE_Practice\STM32fun\F429ZIT6_Blink\Core\Inc\main.h_save
2025-05-01 14:43:28,960 [INFO] CodeEngine:287 - Generated code: D:\CubeIDE_Practice\STM32fun\F429ZIT6_Blink\Core\Inc\main.h
2025-05-01 14:43:28,965 [INFO] CodeEngine:263 - oldGeneratedFile, D:\CubeIDE_Practice\STM32fun\F429ZIT6_Blink\Core\Src\main.c_save
2025-05-01 14:43:29,044 [INFO] CodeEngine:287 - Generated code: D:\CubeIDE_Practice\STM32fun\F429ZIT6_Blink\Core\Src\main.c
2025-05-01 14:43:29,329 [INFO] ProjectBuilder:3324 - Time for Copy HAL[1] : 113mS.
2025-05-01 14:43:29,331 [INFO] ProjectBuilder:4912 - Project Generator version: 4.6.0.1-B1
2025-05-01 14:43:29,397 [INFO] ConfigFileManager:1590 - The Die is : DIE419
2025-05-01 14:43:30,001 [INFO] ProjectBuilder:5191 - Time for Generating toolchain IDE Files: 670mS.
2025-05-01 14:43:30,001 [INFO] ProjectBuilder:3181 - Time for Copy CMSIS : 0mS.
2025-05-01 14:43:30,004 [INFO] ProjectBuilder:3181 - Time for Copy CMSIS : 0mS.
2025-05-01 14:45:10,585 [INFO] NvicIntPanel:101 - NVIC parent = com.st.microxplorer.plugins.ip.nvic.MultiNvicIntPanel[,0,0,0x0,invalid,layout=javax.swing.BoxLayout,alignmentX=0.0,alignmentY=0.0,border=,flags=9,maximumSize=,minimumSize=,preferredSize=]
2025-05-01 14:46:30,567 [INFO] UtilMem:75 - End SaveConfig() Used Memory: 347360272 Bytes (951058432)
2025-05-01 14:46:31,310 [INFO] UtilMem:75 - End SaveConfig() Used Memory: 445404176 Bytes (951058432)
2025-05-01 14:46:31,727 [INFO] BlockDiagram:2775 - set Specific Code input for plugin: SYS
2025-05-01 14:46:31,727 [INFO] BlockDiagram:2775 - set Specific Code input for plugin: RCC
2025-05-01 14:46:31,727 [INFO] BlockDiagram:2775 - set Specific Code input for plugin: NVIC
2025-05-01 14:46:31,727 [INFO] BlockDiagram:2775 - set Specific Code input for plugin: USART
2025-05-01 14:46:31,727 [INFO] BlockDiagram:2775 - set Specific Code input for plugin: USART
2025-05-01 14:46:31,727 [INFO] BlockDiagram:2775 - set Specific Code input for plugin: GPIO
2025-05-01 14:46:31,729 [INFO] CodeGenerator:882 - code generatio: config db path: C:\ST\STM32CubeIDE_1.18.1\STM32CubeIDE\plugins\com.st.stm32cube.common.mx_6.14.1.202504091515\\db\
2025-05-01 14:46:31,800 [INFO] CodeEngine:263 - oldGeneratedFile, D:\CubeIDE_Practice\STM32fun\F429ZIT6_Blink\MXTmpFiles\license.tmp_save
2025-05-01 14:46:31,850 [INFO] CodeEngine:287 - Generated code: D:\CubeIDE_Practice\STM32fun\F429ZIT6_Blink\MXTmpFiles\license.tmp
2025-05-01 14:46:31,861 [INFO] CodeEngine:263 - oldGeneratedFile, D:\CubeIDE_Practice\STM32fun\F429ZIT6_Blink\MXTmpFiles\gpio.tmp_save
2025-05-01 14:46:31,917 [INFO] CodeEngine:287 - Generated code: D:\CubeIDE_Practice\STM32fun\F429ZIT6_Blink\MXTmpFiles\gpio.tmp
2025-05-01 14:46:31,979 [INFO] CodeEngine:263 - oldGeneratedFile, D:\CubeIDE_Practice\STM32fun\F429ZIT6_Blink\Core\Src\stm32f4xx_it.c_save
2025-05-01 14:46:32,035 [INFO] CodeEngine:287 - Generated code: D:\CubeIDE_Practice\STM32fun\F429ZIT6_Blink\Core\Src\stm32f4xx_it.c
2025-05-01 14:46:32,039 [INFO] CodeEngine:263 - oldGeneratedFile, D:\CubeIDE_Practice\STM32fun\F429ZIT6_Blink\Core\Inc\stm32f4xx_it.h_save
2025-05-01 14:46:32,089 [INFO] CodeEngine:287 - Generated code: D:\CubeIDE_Practice\STM32fun\F429ZIT6_Blink\Core\Inc\stm32f4xx_it.h
2025-05-01 14:46:32,099 [INFO] CodeEngine:263 - oldGeneratedFile, D:\CubeIDE_Practice\STM32fun\F429ZIT6_Blink\Core\Src\stm32f4xx_hal_msp.c_save
2025-05-01 14:46:32,176 [INFO] CodeEngine:287 - Generated code: D:\CubeIDE_Practice\STM32fun\F429ZIT6_Blink\Core\Src\stm32f4xx_hal_msp.c
2025-05-01 14:46:32,179 [INFO] CodeEngine:263 - oldGeneratedFile, D:\CubeIDE_Practice\STM32fun\F429ZIT6_Blink\MXTmpFiles\system.tmp_save
2025-05-01 14:46:32,229 [INFO] CodeEngine:287 - Generated code: D:\CubeIDE_Practice\STM32fun\F429ZIT6_Blink\MXTmpFiles\system.tmp
2025-05-01 14:46:32,236 [INFO] CodeEngine:319 - oldGeneratedFile, D:\CubeIDE_Practice\STM32fun\F429ZIT6_Blink\Core\Inc\stm32f4xx_hal_conf.h_save
2025-05-01 14:46:32,287 [INFO] CodeEngine:343 - Generated code: D:\CubeIDE_Practice\STM32fun\F429ZIT6_Blink\Core\Inc\stm32f4xx_hal_conf.h
2025-05-01 14:46:32,311 [INFO] ApiDbMcu:508 - Load IP Config File for USART2
2025-05-01 14:46:32,320 [INFO] CodeEngine:263 - oldGeneratedFile, D:\CubeIDE_Practice\STM32fun\F429ZIT6_Blink\Core\Inc\main.h_save
2025-05-01 14:46:32,385 [INFO] CodeEngine:287 - Generated code: D:\CubeIDE_Practice\STM32fun\F429ZIT6_Blink\Core\Inc\main.h
2025-05-01 14:46:32,389 [INFO] CodeEngine:263 - oldGeneratedFile, D:\CubeIDE_Practice\STM32fun\F429ZIT6_Blink\Core\Src\main.c_save
2025-05-01 14:46:32,462 [INFO] CodeEngine:287 - Generated code: D:\CubeIDE_Practice\STM32fun\F429ZIT6_Blink\Core\Src\main.c
2025-05-01 14:46:32,738 [INFO] ProjectBuilder:3324 - Time for Copy HAL[1] : 125mS.
2025-05-01 14:46:32,740 [INFO] ProjectBuilder:4912 - Project Generator version: 4.6.0.1-B1
2025-05-01 14:46:32,806 [INFO] ConfigFileManager:1590 - The Die is : DIE419
2025-05-01 14:46:33,449 [INFO] ProjectBuilder:5191 - Time for Generating toolchain IDE Files: 709mS.
2025-05-01 14:46:33,450 [INFO] ProjectBuilder:3181 - Time for Copy CMSIS : 1mS.
2025-05-01 14:46:33,451 [INFO] ProjectBuilder:3181 - Time for Copy CMSIS : 0mS.
2025-05-01 15:14:16,970 [INFO] WebApp:194 - Connection lost
2025-05-01 15:14:17,463 [INFO] WebApp:191 - Connection restablished
2025-05-01 15:19:49,872 [INFO] UtilMem:75 - End SaveConfig() Used Memory: 866843112 Bytes (951058432)
2025-05-01 15:19:50,804 [INFO] UtilMem:75 - End SaveConfig() Used Memory: 377927304 Bytes (951058432)
2025-05-01 15:19:51,501 [INFO] BlockDiagram:2775 - set Specific Code input for plugin: SYS
2025-05-01 15:19:51,501 [INFO] BlockDiagram:2775 - set Specific Code input for plugin: RCC
2025-05-01 15:19:51,501 [INFO] BlockDiagram:2775 - set Specific Code input for plugin: NVIC
2025-05-01 15:19:51,501 [INFO] BlockDiagram:2775 - set Specific Code input for plugin: USART
2025-05-01 15:19:51,501 [INFO] BlockDiagram:2775 - set Specific Code input for plugin: USART
2025-05-01 15:19:51,502 [INFO] BlockDiagram:2775 - set Specific Code input for plugin: GPIO
2025-05-01 15:19:51,504 [INFO] CodeGenerator:882 - code generatio: config db path: C:\ST\STM32CubeIDE_1.18.1\STM32CubeIDE\plugins\com.st.stm32cube.common.mx_6.14.1.202504091515\\db\
2025-05-01 15:19:51,600 [INFO] CodeEngine:263 - oldGeneratedFile, D:\CubeIDE_Practice\STM32fun\F429ZIT6_Blink\MXTmpFiles\license.tmp_save
2025-05-01 15:19:51,853 [INFO] CodeEngine:287 - Generated code: D:\CubeIDE_Practice\STM32fun\F429ZIT6_Blink\MXTmpFiles\license.tmp
2025-05-01 15:19:51,870 [INFO] CodeEngine:263 - oldGeneratedFile, D:\CubeIDE_Practice\STM32fun\F429ZIT6_Blink\MXTmpFiles\gpio.tmp_save
2025-05-01 15:19:51,997 [INFO] CodeEngine:287 - Generated code: D:\CubeIDE_Practice\STM32fun\F429ZIT6_Blink\MXTmpFiles\gpio.tmp
2025-05-01 15:19:52,043 [INFO] CodeEngine:263 - oldGeneratedFile, D:\CubeIDE_Practice\STM32fun\F429ZIT6_Blink\Core\Src\stm32f4xx_it.c_save
2025-05-01 15:19:52,315 [INFO] CodeEngine:287 - Generated code: D:\CubeIDE_Practice\STM32fun\F429ZIT6_Blink\Core\Src\stm32f4xx_it.c
2025-05-01 15:19:52,329 [INFO] CodeEngine:263 - oldGeneratedFile, D:\CubeIDE_Practice\STM32fun\F429ZIT6_Blink\Core\Inc\stm32f4xx_it.h_save
2025-05-01 15:19:52,424 [INFO] CodeEngine:287 - Generated code: D:\CubeIDE_Practice\STM32fun\F429ZIT6_Blink\Core\Inc\stm32f4xx_it.h
2025-05-01 15:19:52,441 [INFO] CodeEngine:263 - oldGeneratedFile, D:\CubeIDE_Practice\STM32fun\F429ZIT6_Blink\Core\Src\stm32f4xx_hal_msp.c_save
2025-05-01 15:19:52,605 [INFO] CodeEngine:287 - Generated code: D:\CubeIDE_Practice\STM32fun\F429ZIT6_Blink\Core\Src\stm32f4xx_hal_msp.c
2025-05-01 15:19:52,609 [INFO] CodeEngine:263 - oldGeneratedFile, D:\CubeIDE_Practice\STM32fun\F429ZIT6_Blink\MXTmpFiles\system.tmp_save
2025-05-01 15:19:52,685 [INFO] CodeEngine:287 - Generated code: D:\CubeIDE_Practice\STM32fun\F429ZIT6_Blink\MXTmpFiles\system.tmp
2025-05-01 15:19:52,696 [INFO] CodeEngine:319 - oldGeneratedFile, D:\CubeIDE_Practice\STM32fun\F429ZIT6_Blink\Core\Inc\stm32f4xx_hal_conf.h_save
2025-05-01 15:19:52,767 [INFO] CodeEngine:343 - Generated code: D:\CubeIDE_Practice\STM32fun\F429ZIT6_Blink\Core\Inc\stm32f4xx_hal_conf.h
2025-05-01 15:19:52,790 [INFO] CodeEngine:263 - oldGeneratedFile, D:\CubeIDE_Practice\STM32fun\F429ZIT6_Blink\Core\Inc\main.h_save
2025-05-01 15:19:52,885 [INFO] CodeEngine:287 - Generated code: D:\CubeIDE_Practice\STM32fun\F429ZIT6_Blink\Core\Inc\main.h
2025-05-01 15:19:52,890 [INFO] CodeEngine:263 - oldGeneratedFile, D:\CubeIDE_Practice\STM32fun\F429ZIT6_Blink\Core\Src\main.c_save
2025-05-01 15:19:52,992 [INFO] CodeEngine:287 - Generated code: D:\CubeIDE_Practice\STM32fun\F429ZIT6_Blink\Core\Src\main.c
2025-05-01 15:19:53,354 [INFO] ProjectBuilder:3324 - Time for Copy HAL[1] : 187mS.
2025-05-01 15:19:53,357 [INFO] ProjectBuilder:4912 - Project Generator version: 4.6.0.1-B1
2025-05-01 15:19:53,458 [INFO] ConfigFileManager:1590 - The Die is : DIE419
2025-05-01 15:19:54,442 [INFO] ProjectBuilder:5191 - Time for Generating toolchain IDE Files: 1085mS.
2025-05-01 15:19:54,443 [INFO] ProjectBuilder:3181 - Time for Copy CMSIS : 1mS.
2025-05-01 15:19:54,445 [INFO] ProjectBuilder:3181 - Time for Copy CMSIS : 0mS.
2025-05-01 15:31:01,509 [INFO] UtilMem:75 - End SaveConfig() Used Memory: 399435056 Bytes (1073741824)
2025-05-01 15:31:02,777 [INFO] UtilMem:75 - End SaveConfig() Used Memory: 371407016 Bytes (1038090240)
2025-05-01 15:31:03,540 [INFO] BlockDiagram:2775 - set Specific Code input for plugin: SYS
2025-05-01 15:31:03,540 [INFO] BlockDiagram:2775 - set Specific Code input for plugin: RCC
2025-05-01 15:31:03,542 [INFO] BlockDiagram:2775 - set Specific Code input for plugin: NVIC
2025-05-01 15:31:03,542 [INFO] BlockDiagram:2775 - set Specific Code input for plugin: USART
2025-05-01 15:31:03,542 [INFO] BlockDiagram:2775 - set Specific Code input for plugin: USART
2025-05-01 15:31:03,542 [INFO] BlockDiagram:2775 - set Specific Code input for plugin: GPIO
2025-05-01 15:31:03,543 [INFO] CodeGenerator:882 - code generatio: config db path: C:\ST\STM32CubeIDE_1.18.1\STM32CubeIDE\plugins\com.st.stm32cube.common.mx_6.14.1.202504091515\\db\
2025-05-01 15:31:04,025 [INFO] CodeEngine:263 - oldGeneratedFile, D:\CubeIDE_Practice\STM32fun\F429ZIT6_Blink\MXTmpFiles\license.tmp_save
2025-05-01 15:31:04,173 [INFO] CodeEngine:287 - Generated code: D:\CubeIDE_Practice\STM32fun\F429ZIT6_Blink\MXTmpFiles\license.tmp
2025-05-01 15:31:04,188 [INFO] CodeEngine:263 - oldGeneratedFile, D:\CubeIDE_Practice\STM32fun\F429ZIT6_Blink\MXTmpFiles\gpio.tmp_save
2025-05-01 15:31:04,292 [INFO] CodeEngine:287 - Generated code: D:\CubeIDE_Practice\STM32fun\F429ZIT6_Blink\MXTmpFiles\gpio.tmp
2025-05-01 15:31:04,345 [INFO] CodeEngine:263 - oldGeneratedFile, D:\CubeIDE_Practice\STM32fun\F429ZIT6_Blink\Core\Src\stm32f4xx_it.c_save
2025-05-01 15:31:04,447 [INFO] CodeEngine:287 - Generated code: D:\CubeIDE_Practice\STM32fun\F429ZIT6_Blink\Core\Src\stm32f4xx_it.c
2025-05-01 15:31:04,453 [INFO] CodeEngine:263 - oldGeneratedFile, D:\CubeIDE_Practice\STM32fun\F429ZIT6_Blink\Core\Inc\stm32f4xx_it.h_save
2025-05-01 15:31:04,542 [INFO] CodeEngine:287 - Generated code: D:\CubeIDE_Practice\STM32fun\F429ZIT6_Blink\Core\Inc\stm32f4xx_it.h
2025-05-01 15:31:04,555 [INFO] CodeEngine:263 - oldGeneratedFile, D:\CubeIDE_Practice\STM32fun\F429ZIT6_Blink\Core\Src\stm32f4xx_hal_msp.c_save
2025-05-01 15:31:04,685 [INFO] CodeEngine:287 - Generated code: D:\CubeIDE_Practice\STM32fun\F429ZIT6_Blink\Core\Src\stm32f4xx_hal_msp.c
2025-05-01 15:31:04,692 [INFO] CodeEngine:263 - oldGeneratedFile, D:\CubeIDE_Practice\STM32fun\F429ZIT6_Blink\MXTmpFiles\system.tmp_save
2025-05-01 15:31:04,784 [INFO] CodeEngine:287 - Generated code: D:\CubeIDE_Practice\STM32fun\F429ZIT6_Blink\MXTmpFiles\system.tmp
2025-05-01 15:31:04,796 [INFO] CodeEngine:319 - oldGeneratedFile, D:\CubeIDE_Practice\STM32fun\F429ZIT6_Blink\Core\Inc\stm32f4xx_hal_conf.h_save
2025-05-01 15:31:04,890 [INFO] CodeEngine:343 - Generated code: D:\CubeIDE_Practice\STM32fun\F429ZIT6_Blink\Core\Inc\stm32f4xx_hal_conf.h
2025-05-01 15:31:04,920 [INFO] CodeEngine:263 - oldGeneratedFile, D:\CubeIDE_Practice\STM32fun\F429ZIT6_Blink\Core\Inc\main.h_save
2025-05-01 15:31:05,019 [INFO] CodeEngine:287 - Generated code: D:\CubeIDE_Practice\STM32fun\F429ZIT6_Blink\Core\Inc\main.h
2025-05-01 15:31:05,026 [INFO] CodeEngine:263 - oldGeneratedFile, D:\CubeIDE_Practice\STM32fun\F429ZIT6_Blink\Core\Src\main.c_save
2025-05-01 15:31:05,152 [INFO] CodeEngine:287 - Generated code: D:\CubeIDE_Practice\STM32fun\F429ZIT6_Blink\Core\Src\main.c
2025-05-01 15:31:05,553 [INFO] ProjectBuilder:3324 - Time for Copy HAL[1] : 172mS.
2025-05-01 15:31:05,555 [INFO] ProjectBuilder:4912 - Project Generator version: 4.6.0.1-B1
2025-05-01 15:31:05,642 [INFO] ConfigFileManager:1590 - The Die is : DIE419
2025-05-01 15:31:06,864 [INFO] ProjectBuilder:5191 - Time for Generating toolchain IDE Files: 1309mS.
2025-05-01 15:31:06,865 [INFO] ProjectBuilder:3181 - Time for Copy CMSIS : 0mS.
2025-05-01 15:31:06,868 [INFO] ProjectBuilder:3181 - Time for Copy CMSIS : 0mS.
2025-05-01 16:40:14,037 [INFO] WebApp:194 - Connection lost
2025-05-01 16:40:14,263 [INFO] WebApp:191 - Connection restablished
2025-05-01 17:56:46,578 [INFO] WebApp:194 - Connection lost
2025-05-01 17:56:48,275 [INFO] WebApp:191 - Connection restablished
2025-05-01 17:56:54,757 [INFO] WebApp:194 - Connection lost
2025-05-01 17:56:54,897 [INFO] WebApp:191 - Connection restablished
2025-05-01 20:40:27,434 [INFO] WebApp:194 - Connection lost
2025-05-01 20:40:28,863 [INFO] WebApp:191 - Connection restablished
2025-05-01 20:40:33,452 [INFO] WebApp:194 - Connection lost
2025-05-01 20:40:41,467 [INFO] WebApp:191 - Connection restablished
2025-05-01 21:18:03,343 [INFO] WebApp:194 - Connection lost
2025-05-01 21:18:03,499 [INFO] WebApp:191 - Connection restablished
